knee_valgus_mean,knee_valgus_max,knee_valgus_min,torso_angle_mean,torso_angle_max,torso_angle_min,squat_depth_mean,squat_depth_max,squat_depth_min,label
1.5699861893490181,1.775478294439033,1.2849557509869656,157.8868340347604,176.48448132174676,128.79961055657844,-0.0908787131309509,0.0228403210639953,-0.1639951169490814,1
1.5243116031968227,1.7089385570265403,1.2895300680856738,156.7236793915439,178.3450384913391,128.31525218006962,-0.09266572069096304,0.0186852216720581,-0.173999398946762,1
1.4841288503156984,2.121628120457166,1.0499840164261958,150.28690103910785,171.30781075687403,127.00857002811009,-0.09719354850905279,0.0143792629241943,-0.1652800738811493,1
1.508663032860137,2.170109700390879,1.0437941460716404,153.73073648314858,169.5816076669698,133.03649822800904,-0.09874474244159565,0.027256429195404,-0.1633726358413696,1
1.636902323336762,2.327453082582524,1.1646461660896537,151.96310830722945,169.69869846358725,130.90624793061576,-0.09492223535742712,0.0149007439613342,-0.1601340770721435,1
1.649951694161756,2.2766843603043574,1.147339202157189,150.97554375884104,169.49707712592027,130.24318702196263,-0.0941096000994245,0.0151439309120178,-0.1566133499145507,1
1.6010185742188758,2.335554786721483,1.1438008987372783,151.68614948812683,170.31356297200304,130.29603187773893,-0.10002579694927326,0.0095677971839904,-0.1628448963165283,1
1.5931550897343572,2.232717216328889,1.122504691051514,150.34369013630592,170.20571942753935,129.1179389186675,-0.09430056998604221,0.0171480774879455,-0.1592334508895874,1
1.5745177548403793,2.207675638489982,1.094705273379625,150.9162790362675,169.21839039757842,128.88601607595135,-0.09584316296073103,0.0184590220451354,-0.1591740548610687,1
1.5641214372764283,2.232814795623885,1.0703143764267689,149.25542817418327,171.1413740661306,125.96089302546658,-0.09090894460678096,0.0212805867195129,-0.1606606841087341,1
1.545181654805369,2.27170704725418,1.0732203104737004,150.6319233020066,169.14174461672704,128.6239568613858,-0.09511921953673311,0.017529010772705,-0.1628483533859253,1
1.4945752584413983,1.7570505342873362,1.319488220068501,159.06722658616042,177.70933862549103,126.34270012502176,-0.10055807533384369,0.0268484950065612,-0.1733372211456298,1
1.560176004358327,2.1850695094276644,1.1394816594210764,149.13440904122302,172.9139582483608,127.94633811539796,-0.09373620213921535,0.0156506896018981,-0.1687304973602295,1
1.515516520778307,2.1914960081569546,1.1009296128504902,150.15917170848456,169.7330903336602,129.8681100474486,-0.09643701190995695,0.0202184319496154,-0.157959371805191,1
1.5629952352094116,1.8314760593883603,1.296929519448294,152.45265575599623,175.3166295686907,127.99327897598413,-0.0775792510299892,0.0132266283035278,-0.1653039753437042,1
1.524060731129574,1.7131627750589455,1.3178956383613385,158.06899440182525,176.06659222452942,128.39386064777167,-0.09568483534112437,0.0085067749023437,-0.1659068167209625,1
1.5658920156099037,1.7056343678149053,1.2888258454236556,156.82501274269984,176.1913845888801,134.00773678905782,-0.09185053315013643,0.0087288618087768,-0.1651934087276458,1
1.5303549647644956,1.6395625317030194,1.3093363887251634,158.47301213430055,176.8981005815595,128.66355981603115,-0.09929707730716127,0.0081253051757812,-0.1683348417282104,1
1.5252457422887458,1.7633735677158664,1.274926174368396,159.2366113176259,177.9737798518291,136.22069274461987,-0.09979094459552953,0.0088571310043334,-0.1718006730079651,1
1.4882584882205183,1.658721996628463,1.2785728967295356,159.03468716001433,179.0128865955952,131.1688763414234,-0.10243475250899788,0.0046970844268798,-0.1716163158416748,1
1.4880997134395855,1.7442789988951442,1.2636191250447373,161.49806293321,179.49678306403345,129.1572975451189,-0.10707642467676008,0.0093880891799926,-0.1696556508541107,1
1.525152905550489,1.7459786028211828,1.2650353961463716,160.13775923725825,178.5315028247894,134.866418978211,-0.1035826904699206,0.0122957229614257,-0.1704243719577789,1
1.5480209538088268,1.6901743543297834,1.328568781055417,157.08783449660655,177.2375530979496,126.84979502008764,-0.08706077965016058,0.0095568299293518,-0.1715672016143798,1
1.5430192796036946,1.786766569641937,1.3364701367540075,157.46671469303064,177.0224755193928,133.526720579827,-0.09506508295840403,0.001339316368103,-0.1690936982631683,1
1.5226575042227006,2.1574783006227345,1.0608910370915203,151.60536790493975,172.15492851702126,129.6887359132929,-0.09855997464159029,0.0094795227050781,-0.1683781743049621,1
1.5129791927769114,2.0804823988323253,1.0670127110109142,150.79655166196068,169.90177024329773,128.18130996096514,-0.09600490398621289,0.0115948915481567,-0.1572116911411285,1
1.5621422062181525,2.1484781876706616,1.1108100919438773,148.69380464093436,170.31677994576694,126.24502259114296,-0.08975273946469478,0.0216686725616455,-0.1568121314048767,1
1.5134957904076922,2.1233365700657774,1.0194800210077168,148.8551702538916,170.01937978658663,128.55192064559895,-0.09222512553026387,0.0139828920364379,-0.1587762534618377,1
1.5387608880563604,2.173122904911616,1.1050424867988136,148.80241249756978,168.1316706447434,127.54663650376251,-0.09010183292886481,0.0165898203849792,-0.1614002585411071,1
1.5572311225106164,2.20011971366446,1.1041457250886433,148.1114602252146,167.89047419071824,127.8906554601192,-0.08845956069092417,0.0160186290740966,-0.161771684885025,1
1.467390697778658,2.106522499281235,1.0777471140907289,150.58325170426315,169.72244238299535,127.39378487019184,-0.09813392552259924,0.0139340162277221,-0.1611547470092773,1
1.472930086948331,2.05311647852251,1.0474289907047372,148.70661943791524,169.7266633723536,125.72808851667156,-0.09191609608630336,0.0142725706100463,-0.1610641777515411,1
1.551814065044785,1.8054847905473732,1.3089221899054886,158.70060975729336,176.3017193737463,131.38654589605952,-0.09222479250568606,0.0162051916122436,-0.1612230539321899,1
1.5577075296241134,1.762244682098948,1.320507713996525,158.72374809311128,177.3104274014542,125.25662836354552,-0.09598816158594906,0.0129209756851196,-0.1657304763793945,1
1.5399710522065753,1.725273427776186,1.3220422332909734,161.11484807157984,177.48653632171573,132.42505008330286,-0.09865149259567257,0.0097128748893737,-0.1607910692691803,1
1.521281179226397,1.7008029310644632,1.3514543841835762,159.44166778176495,177.35808775054463,135.5180842503786,-0.09379051150856434,0.0105053782463073,-0.1633761525154113,1
1.5373726214047323,1.7434027591183718,1.356092992733661,161.00108503343142,179.03677384826898,131.72081365874288,-0.10093414648012682,0.0062806606292724,-0.168211281299591,1
1.5042449990985007,1.7344063427484746,1.3397920169358035,161.71992549340644,178.88752996178906,131.82677442671664,-0.10533137131821023,0.0035871267318725,-0.1702509224414825,1
1.5050985298786803,1.7190908259107658,1.354592061078799,160.28642555799232,178.7872838723273,130.85365653171618,-0.10597626607005409,0.0031152367591857,-0.1704788506031036,1
1.5298638292179132,1.6598163598615123,1.387615175598096,160.27686683358223,179.24894414379452,135.04914153730238,-0.0926130325818548,0.0110096335411071,-0.1705458462238311,1
1.5092076592626325,1.7228934140498862,1.320258725830475,161.74333907107732,178.76613426367962,133.11075650041988,-0.10313125423811097,0.0113746523857116,-0.16679447889328,1
1.520184060634527,1.7375124781287412,1.337308455530214,156.57785308175843,179.2975137664764,131.025659008526,-0.08710285605386242,0.007517397403717,-0.1695728302001953,1
1.5480693270442203,1.716152055524367,1.3543459592563087,155.73778187505124,177.25059185051444,128.47040299323413,-0.08411504328250882,0.0133942365646362,-0.1542545557022094,1
1.5880353102547398,1.898193505810664,1.3331903445058972,153.97474681842564,176.24659936967683,131.47837179698487,-0.07960394123098351,0.0190863013267517,-0.1606142818927765,1
1.539462055616038,1.7556295872392995,1.2724462523394822,160.6843307038808,177.97836010333694,129.4975636133408,-0.10386328200499213,0.0177692174911499,-0.1655190289020538,1
1.5868865626897706,1.8320434010499,1.3261884554569114,156.94268664851586,175.77838522537257,132.17216112064182,-0.09123993251058787,0.0149312615394592,-0.1644767820835113,1
1.5691262381205962,1.846642236068852,1.3655890801500776,160.3598986915083,176.60166518570838,132.5328055112587,-0.1029526121025785,0.0106596946716308,-0.1690588593482971,1
1.5261396643009215,1.7080569082145127,1.296071560347725,160.67128305290282,177.79170229960317,130.0711493387983,-0.10582098506745835,0.0085273385047912,-0.1705617904663086,1
1.524101667246485,1.683940391745552,1.33792310457458,161.08167215123348,177.74731961314143,127.48305532285372,-0.1102369736161148,0.0106807351112365,-0.1739336252212524,1
1.5415832514655798,1.7628151679746886,1.264075044638414,161.9092065389526,178.72179135883331,130.9696966673728,-0.10972687654327928,0.0087332725524902,-0.172284185886383,1
1.5657462235310042,1.7615940874278873,1.3846842492033948,162.058006930051,179.2612552237723,133.99324903693417,-0.10863234116150448,0.0131762027740478,-0.1728340089321136,1
1.5075791811822188,1.7350089378377476,1.31720132399466,160.22366002370643,176.79099628086993,130.23345601354964,-0.11007282910523587,0.0090084075927734,-0.1752898693084716,1
1.4887194546950282,1.702671925404095,1.2978722418879511,161.50387277518104,178.99524545393083,127.46859354584778,-0.10989632113621782,0.002180278301239,-0.172171413898468,1
1.5557465859726824,2.15768436198303,1.089090312374392,150.08827207442593,170.79784630626102,130.61748489206263,-0.09121336690757582,0.0214824676513671,-0.1631464064121246,1
1.5695714863107595,2.2493026433450782,1.0854155605533649,150.60342922958165,170.07796343207707,127.59871824192405,-0.09504337002942846,0.0198426842689514,-0.1625573635101318,1
1.556070325618396,1.8550177336902192,1.2504392054213866,160.47843781872538,179.64800686514678,129.76700932308128,-0.10445680462795752,0.0116455554962158,-0.1726210117340088,1
1.561501811921212,2.2031098986300264,1.110178048679225,151.00490265305243,172.813696018167,125.6877924031932,-0.10082165197450284,0.0142857432365417,-0.1671986579895019,1
1.5502840446368646,2.3216119330689136,1.043439891446036,151.294549750424,173.7357351111335,127.1835058163146,-0.10013238787651059,0.0102765560150146,-0.1605095565319061,1
1.5180075126836712,2.262797618019599,1.026710284586438,149.62352043321116,170.14279364869145,124.83754046150618,-0.09929305468637917,0.0150757431983947,-0.1633255779743194,1
1.5357917614053689,2.264160846807704,1.066809644908086,147.97590597246054,169.6522640696305,124.5509154925199,-0.09012926378092921,0.0226303339004516,-0.1617420315742492,1
1.5311606322211515,2.219188097908015,1.1120798658076252,149.13572384620755,170.54535975436465,125.7418378395112,-0.09290273274694168,0.0200334191322326,-0.1628575325012207,1
1.5367484446607713,2.272444089323355,1.1314616396478998,150.228832473544,171.86492611110083,126.64809050257014,-0.09637286255554274,0.0111656188964843,-0.1608752310276031,1
1.5557203297832358,2.285941810917524,1.0659186231872844,149.918691594526,171.97709353226102,125.57131438568138,-0.09340807168107282,0.0138635635375976,-0.1596391797065735,1
1.5148200054893195,2.028266580981722,1.080539871623347,152.48619540066866,171.0846532995185,132.4646472675343,-0.09597654454410072,0.0194792747497558,-0.163151204586029,1
1.5929293571256438,2.204362923126602,1.1197126408456488,152.3952146603671,170.1678009810488,131.38505886849728,-0.09469113474363808,0.0147788524627685,-0.1611951887607574,1
1.5548622734213586,1.8449891612472904,1.2540063066305345,162.2295927569195,179.8996078641819,138.15885306908592,-0.10120155766975779,0.0177153348922729,-0.1720786094665527,1
1.6098702028861165,2.181151144153465,1.1162249299464564,151.49790183699247,173.5529868614759,129.4799363314198,-0.09694091341596965,0.0103614330291748,-0.1602426171302795,1
1.5399608732779264,2.1825830340804058,1.1164199327433708,151.46495080588602,171.71801457628155,126.44485172760618,-0.09751465060923356,0.0179264545440673,-0.1600275039672851,1
1.5224731270393508,2.227308582789487,1.0386877063119655,150.3381284509255,174.0430230388957,125.71320626835411,-0.09454721719660655,0.011417269706726,-0.1604666113853454,1
1.591219507080315,2.239975468241864,1.1482929591673323,150.45653253041797,170.41328175131284,128.99654237632973,-0.09610125582705258,0.0126914381980896,-0.1610053777694702,1
1.6012325096202682,2.2434774941956395,1.1894412882803218,149.21785269646486,171.3932675842448,127.20322712737573,-0.0901390399251665,0.0105502605438232,-0.1564034521579742,1
1.5528390313587184,2.2343313905512336,1.1215824004672443,150.89743200503506,171.42282695323084,127.34782116470667,-0.09441683769226071,0.0132098197937011,-0.1567768156528473,1
1.54608220349998,2.1518433747781773,1.1013065267306712,148.3301302940439,171.09053694263835,125.35253979325324,-0.09145575275226511,0.0145244598388671,-0.159073531627655,1
1.5501404744036755,2.1728705305468283,1.0736090023235112,151.67776863106326,168.11384524816208,130.64125163597345,-0.09761161179769606,0.0232752561569213,-0.1597439348697662,1
1.6142948035499922,2.343943234788837,1.0909027555882416,151.24522240029364,169.59945827225775,130.85958942327392,-0.09603118736256831,0.0188249945640563,-0.1618586778640747,1
1.5940462487611993,2.334425564921303,1.1388032542256794,152.70124383902564,169.48268349695053,127.7495939294158,-0.10191205115813126,0.0199337005615234,-0.1606481671333313,1
1.5011101463045922,1.7722355910511285,1.2678704691408635,162.3543663169698,179.5494330509136,129.7450124881346,-0.10982202939365218,0.0061476826667785,-0.17094686627388,1
1.5936539415433773,2.286708240908758,1.123836637554989,151.4731160829484,171.71989251231685,127.85591326453634,-0.09923345088958736,0.020893394947052,-0.1654450297355651,1
1.5808596502111893,2.2397078551447045,1.115551972384348,149.523827558009,170.05562063719742,125.4019543156908,-0.09527900038907923,0.0208022594451904,-0.1637802124023437,1
1.562080557331341,2.3499985859474024,1.1129335703545025,150.68029605599668,171.4756257195853,125.09030751593173,-0.09839167088270184,0.0151103734970092,-0.1602002084255218,1
1.546426031687204,2.249153862243985,1.080356859972258,149.86455146783368,171.11123137760356,124.5860375349611,-0.09724989503917125,0.0198772549629211,-0.1595209240913391,1
1.4918496302001887,2.305680721993153,1.0186871663991606,149.86599086199828,171.43303681468583,122.50369875394018,-0.1017655632763265,0.0172613263130188,-0.1646980047225952,1
1.546653512628315,2.2208961815712285,1.006516129940343,147.54520110410232,171.8019394998254,121.74386740939072,-0.09357918006308531,0.0207694172859191,-0.1673960387706756,1
1.617420654261448,2.331353825214178,1.1193651200503314,151.1148888016844,169.3098600064544,130.7274052553072,-0.09573750278001189,0.0187920928001403,-0.1606550514698028,1
1.5940809033761003,2.33790520003286,1.146634962510933,152.82988526224761,170.05046656612913,128.879796973404,-0.10216180586589954,0.0213444232940673,-0.1611190140247345,1
1.584750660971819,2.3121323038954107,1.117877815141998,151.44538305716742,170.54887031508073,127.8296541964992,-0.0989935582876205,0.021120548248291,-0.1625978350639343,1
1.5442424125390328,2.047099713694448,1.0836548812792568,151.47700839507726,170.0421002924614,131.9055441929386,-0.09232815772622495,0.017780601978302,-0.1640479564666748,1
1.5352919729575663,1.8003470797314751,1.221926794685266,160.99512886093208,178.56230309800344,130.07927659029036,-0.10791160997036281,0.0079399943351745,-0.1711435616016388,1
1.512843503244279,2.196751761052197,1.0569643753430529,151.62107725907552,171.58990169547363,130.8503695804721,-0.09789842236173019,0.0095003247261047,-0.1645325124263763,1
1.5536794811022605,2.125216757084556,1.0595618060089589,149.29988610449925,169.20740245404403,129.0422948893375,-0.09107908279430572,0.0141357779502868,-0.1568167209625244,1
1.5736454752994689,2.1409210735116475,1.1072382831340486,148.18193520568167,169.7559635230961,125.41596128103254,-0.08891976222224617,0.0212271809577941,-0.1570774912834167,1
1.523913541765938,2.09951983510064,1.0219942355703002,148.71935528251578,170.39199960670587,128.06948386777057,-0.09132806095812052,0.0127509236335754,-0.1584276556968689,1
1.5081373964581708,2.1856354146174035,1.0412926226279464,150.04694371234996,168.62361832919402,127.12740394395628,-0.09441727249309266,0.0166497230529785,-0.1618772745132446,1
1.5345446667057798,2.164079881556711,1.0931472239065876,149.31147821781082,168.70450916587222,128.3609215511839,-0.09185103236973936,0.016713261604309,-0.1587358713150024,1
1.4808468253536866,2.105564601554699,1.04997438294388,150.20499522466844,170.0271225034048,126.9256135424242,-0.0971081625847589,0.0128644108772277,-0.1615285277366638,1
1.502748549478784,2.0963081439573044,1.0986125197071803,147.56597040483706,169.77089585149298,125.98043769670184,-0.08959178302599033,0.0113990306854248,-0.1602114140987396,1
1.51175451733447,2.1603253471276886,1.0275277757261785,150.1926204646019,168.8583254634837,127.06461225245164,-0.09370221032036671,0.0160796046257019,-0.1586054861545562,1
1.5308663409447367,2.1281663587973365,1.035320873030768,148.54400725821432,170.1048347504588,127.27811182159655,-0.09135467509428656,0.0140656232833862,-0.1590757668018341,1
0.8022365234057404,0.9801668785815671,0.591178451443673,160.18633796175737,177.4294743626926,147.37160888729872,-0.1127607045989287,-0.0421539545059204,-0.1791960597038269,0
0.8013573173231555,1.061565011927905,0.6735953327605843,157.68664268415134,174.83765407669023,143.1453277558511,-0.1170959395088561,-0.0387743711471557,-0.1780787408351898,0
1.5299266451006481,1.978055193038661,1.2014123405515964,162.17401953172435,178.8773025517902,136.18718984192353,-0.10782938436517173,-0.0040252208709716,-0.1724479794502258,0
1.3318854055078124,1.6606512057706393,0.9739964903034448,163.87380347159143,176.19581201258774,147.77946378392792,-0.1246312411863412,-0.0432180762290954,-0.1727385520935058,0
1.444878795297495,1.8040687596722569,1.0336896349564244,160.80025527822664,177.27047047087228,143.87631535004442,-0.1165107020964989,-0.0288118124008178,-0.1706253290176391,0
1.4556162609875143,1.8135156977028943,1.1025337466544265,160.40594135285693,175.07168610884256,143.77003318575817,-0.11436841964721675,-0.0338502526283264,-0.1684335172176361,0
1.4437803978522326,1.722542449699736,1.0512926901841504,160.58337580105342,174.19425372880036,145.23738198924198,-0.11959852409713406,-0.0491953492164611,-0.1677379608154297,0
1.486901529394597,1.809777217980005,1.1314182848516894,162.10916177979513,175.2220250613982,146.3800256263325,-0.12052470897183269,-0.0462565422058105,-0.1658217310905456,0
1.5260889222916283,1.786481363023005,1.1536630397704266,159.6765110272851,174.83231217846915,144.05124949924024,-0.11109827011823652,-0.0393531918525695,-0.1667738854885101,0
1.4997568135779664,1.796699479054859,1.0973460859934845,160.703265117248,175.62652773429235,142.81868836789985,-0.11622047235095309,-0.0426638126373291,-0.1653485596179962,0
1.5311301044349432,1.8535366111063476,1.2565878205384124,161.45821867642863,174.69404599416646,143.71327615610838,-0.11760348850680932,-0.0446309447288513,-0.1648119688034057,0
1.531613514659433,1.7317330406393885,1.2245098479425895,162.1758256565295,174.63245863328314,147.36082196548912,-0.11641565377895646,-0.0438663363456726,-0.1640676856040954,0
0.7366370564751404,0.9672858076738352,0.5165094457068967,159.38893481879407,178.31573174040216,143.5674087679225,-0.11859901837612448,-0.0416738986968994,-0.1794557869434356,0
1.5199428306569862,1.8162401132646455,1.043081577197828,161.4806322611605,174.214719842268,143.91795631249158,-0.11789373476659096,-0.0441319942474365,-0.1662982702255249,0
1.6104453544218855,2.122506826995892,1.400736616069118,150.3616019286208,177.4362638931542,102.81993009905176,-0.10859423784809255,-0.0080920457839965,-0.1680149435997009,0
1.5132886398306091,1.82419750130237,1.26528163495019,148.90473310671348,177.58337941218144,103.56148504917316,-0.10138272151114446,0.0074175000190734,-0.17501962184906,0
1.5210933361943113,1.9110250692635984,1.2490997801581336,151.12272702827195,177.30715178292394,117.62365416415336,-0.10573444593308574,0.0096163749694824,-0.174989253282547,0
1.5484008194857068,1.9448162255152524,1.3363570154036637,153.04509498209015,178.12105113343384,115.15948945234062,-0.11010651833327238,-0.0027598142623901,-0.1751977801322937,0
1.5667354376111158,1.9398596166530484,1.35609458275856,154.10417662188874,178.52094819872957,121.7493290616581,-0.11295974707603451,-0.0041667222976684,-0.1738182604312896,0
1.5862675396377268,2.1516767797450087,1.3251713487899814,150.77950127379873,178.82054148417345,108.31791580342488,-0.11305277848243711,-0.0148431658744812,-0.1726489067077636,0
1.5061567838863161,1.8284318547210896,1.2807803124045416,152.79077008227486,177.25339124503157,112.58828713473116,-0.11992376042108462,-0.0177655816078186,-0.1786900162696838,0
1.5394429369491165,1.9039644017422777,1.3659622600858214,153.37636801488964,176.50445511765315,119.2184819172376,-0.1164241103622002,-0.0132920742034912,-0.1796621978282928,0
1.5138893642572342,1.9284810100053236,1.3372662115024705,152.83195332056482,177.26780179160608,119.14188923782912,-0.11714865343414078,-0.0183915495872497,-0.1784987151622772,0
0.8243918684176865,1.043278679269915,0.5625379839800753,160.7354547774489,176.32377834010498,145.30446622970692,-0.11865066763866375,-0.0325856804847717,-0.182340532541275,0
1.5093824560510687,1.996520738428813,1.3567403760548482,153.32210331832138,177.3561937043424,113.33532365859446,-0.11525781211607591,-0.0186612606048584,-0.1729660034179687,0
1.491561597360169,1.805286301917848,0.8466893912375518,156.03291984809914,177.31810457112158,140.94566369736958,-0.0750505293253809,0.0068404674530029,-0.1717016100883484,0
1.414923309598748,1.8551276143211628,0.7941999378247546,156.12923920629737,179.9506690749187,135.7851059590884,-0.09027398366194503,0.0030100345611572,-0.1756731271743774,0
1.3891157717582694,1.6990768972705304,0.7990179084318175,157.41042270934796,179.95615179314316,139.91431385897013,-0.09487438177274275,-0.0009964108467102,-0.1734695136547088,0
1.4712949513985263,1.8111630647897248,0.8217116901532717,157.8924416181284,177.5379664298438,139.4964916655075,-0.09222001477706528,-0.0031074285507202,-0.1696010828018188,0
1.4578946023616561,1.7824046301065088,0.8995475177863068,156.60455498093395,179.7459980172479,139.1633281832489,-0.08972280136039178,0.0105084180831909,-0.1726710498332977,0
1.3479274445939777,1.84983449333108,0.6911759687541686,156.14895003952083,178.87659757016786,135.23530686494786,-0.09765446352958676,0.0023149251937866,-0.1764476597309112,0
1.3650705616264587,1.763191455295572,0.6287305639359481,155.78295166317284,179.99389519710553,138.49793898287805,-0.08510465152335887,0.0109951496124267,-0.1731677949428558,0
1.3688557106051509,1.9035073759852967,0.663436770491684,157.93599462108168,179.96608642780097,137.71302960080695,-0.09852737210579769,0.0118147730827331,-0.1741921603679657,0
1.411102529921889,1.7617430841638777,0.6995228513248105,157.25909048282506,178.72976155549736,138.54880105431724,-0.09517075794714466,0.0085953474044799,-0.1779470443725586,0
0.7474550611764907,0.9999475428477634,0.5191364917680062,158.21372115670107,176.0249449521919,141.5631520407772,-0.1143851468437596,-0.0348965525627136,-0.178575336933136,0
1.3665017234515797,1.733093971605051,0.6316849207465364,155.5640318719277,179.76175162954502,137.69131311144938,-0.08435151319612154,0.0131025910377502,-0.1729031503200531,0
1.2283000806734774,1.698854266801091,0.8784399182590426,157.53168982721718,176.7534143365787,138.19274910298122,-0.10329219508171081,-0.0173239707946777,-0.1743749976158142,0
1.2056262011974794,1.744691286097403,0.8646262883921115,153.30808459401044,176.10590315330415,129.98602892429187,-0.09872972942490608,-0.0058786273002624,-0.1742527484893798,0
1.3027885838556128,1.8579369582640883,0.9519009095862848,152.46423236433313,173.57475851142178,132.91836446302432,-0.09232775635189477,0.0056249499320983,-0.1697921752929687,0
1.4049348189011919,1.909296983255947,0.952520043394499,151.62301030933708,172.87174425159722,135.2995596655687,-0.08973591482000688,0.015130877494812,-0.1678149700164795,0
1.2357525192487748,1.8527047332832456,0.9538176111662512,153.2669749604021,173.91508722504784,132.34685729163732,-0.09884417765453214,0.0121156573295593,-0.1707068979740142,0
1.1995449283162356,1.8162965511880755,0.9500213229016442,153.3904926059414,174.0688780181083,129.8768505042908,-0.10407856129682976,0.0057349801063537,-0.1680661737918853,0
1.2632230224989225,1.776450949221442,0.9710818302063235,152.23818555455858,174.67949502930293,128.8748252765953,-0.09795162359536701,0.0030733346939086,-0.1684776842594146,0
1.2825033399526142,1.7857747904478445,1.0012001912446622,150.33754192615402,175.05296451078462,127.60211414941944,-0.09065039318148826,0.0052797794342041,-0.1696101725101471,0
1.242075089115908,1.916648709142198,0.7853012340745683,150.56384028297273,175.41280251992302,122.344230607593,-0.09546058532620263,0.0017929673194885,-0.1680661737918853,0
0.8132207866476943,1.0746778714325804,0.657133998268218,157.29070603276188,172.68280489551313,142.7851353548822,-0.1157731809844709,-0.0405194759368896,-0.1730203330516815,0
1.1965001003519107,1.81671785994011,0.8648418104713806,153.4812696571638,174.0898151237553,130.7897531626669,-0.10432052864478181,0.0063436627388,-0.1709272563457489,0
1.4908409474810818,1.9314493037736924,1.1467926287387944,164.48359211817478,177.0727030269298,145.45016795628985,-0.12178351896912301,-0.0514997839927673,-0.1590524315834045,0
1.4849370050854795,2.018343164390147,1.1070900298522215,162.57202679361205,177.08055715818736,138.42828983180112,-0.12828981586628485,-0.0560076832771301,-0.1659925580024719,0
1.4931441424268415,1.874270821011304,1.1186574457155012,163.51506726985463,177.20081168121592,142.14403736877784,-0.12610726847368126,-0.0579440593719482,-0.1628293991088867,0
1.4801793528266645,1.8725897623112664,1.186963027235612,163.7690323751843,176.85675068698396,142.7289962981954,-0.10985021581572868,-0.0401158928871154,-0.1613030135631561,0
1.4487848370440883,1.6773891585296212,1.236581533591928,163.304699602712,178.24216198885497,140.55351904946994,-0.12045140649591168,-0.0404789447784423,-0.1642804741859436,0
1.3911939372150168,1.732609872226753,1.1460628942959203,160.92118319739237,178.52659465514407,132.14394124854195,-0.11853300264248477,-0.0412866473197937,-0.1700463891029358,0
1.4155692727776314,1.7421529331168364,1.1168601424905682,161.55774727001554,178.95072471148478,135.3630974308224,-0.1288375116106289,-0.0476863384246826,-0.1778303682804107,0
1.4022497684008792,1.749253033898364,1.133064503724031,164.08161598477372,179.47901589729182,139.3105010437769,-0.12777183349452798,-0.047756016254425,-0.1750809550285339,0
1.4470105762900107,1.6959722028835078,1.22163807116742,164.4529421866738,178.04128077694415,141.52858976780269,-0.12525345028286244,-0.046060025691986,-0.1667506396770477,0
0.8321505627405898,0.966668006537429,0.6017548932212595,158.60771924099367,174.5144124427747,142.66853374368088,-0.11693989367861492,-0.0364291667938232,-0.1763795316219329,0
1.4063115985497434,1.7912921099136148,1.0798805633293556,161.36575401696402,178.53959271656785,134.14765532937648,-0.1280673840152683,-0.0574712753295898,-0.1722056865692138,0
1.1179090847576838,1.789167203608247,0.0142763657439455,160.5304500994887,175.2367719808944,140.71700942948516,-0.11813585969962567,-0.0468030571937561,-0.1708268225193023,0
1.1922023774927692,1.6626088537248316,0.0253575879094011,164.96394551619372,175.52001819909796,146.83559408073475,-0.12824756472925591,-0.0409721732139587,-0.1711269915103912,0
1.2277884970148252,1.7945167902812067,0.0868808885911047,166.194244444984,175.24956206691525,147.63933295785145,-0.1312899032705708,-0.0585594177246093,-0.169711947441101,0
1.1363242936559226,1.6517951338867358,0.1300449109800217,166.3331898064444,175.3086816890153,148.54999782176162,-0.1306360632600918,-0.066357672214508,-0.1722370088100433,0
1.3094671848419428,1.9363159701772168,0.5091397427360393,165.7020094752227,175.87679881961913,146.94065882603786,-0.1341325299042027,-0.0618924498558044,-0.1708436608314514,0
1.3443167702139536,1.7295759531278303,0.6126434413103257,164.88647117303046,176.0374983103938,144.0710664547832,-0.13063957971685072,-0.0529661178588867,-0.1745569705963134,0
1.1903588114988313,1.670847080849241,0.1080275351236747,167.75936558612295,175.90275381827357,150.68870865493253,-0.13865392457080788,-0.0711509585380554,-0.1747997105121612,0
1.2279381244501852,1.5409021386655826,0.1124092411835696,168.86188544096484,177.16358844192592,151.27310401830286,-0.14718555153152088,-0.0722114443778991,-0.1762489378452301,0
1.2890711965551762,1.8431539365580576,0.0610437516070069,165.62855587671368,176.49674090434283,146.1973590895968,-0.1342083978943708,-0.0537227392196655,-0.1695815920829773,0
0.797916310203191,1.0358875926190418,0.5793923981415109,158.1438551787657,174.78155031684534,141.85112980708575,-0.11613707165969041,-0.0385816097259521,-0.1750237345695495,0
1.119497989448848,1.652695100644193,0.0592577562634665,166.56216832310795,176.35409277821952,149.42743407273943,-0.1297105512988399,-0.0662089586257934,-0.1699674427509308,0
1.5189692144141538,1.8623397943717568,1.0473097509424387,156.1948118810393,176.24536073002497,136.81412320186624,-0.08474284917116164,0.0253123641014099,-0.1697322130203247,0
1.4884889463329565,1.9130469645079269,1.116138404317934,157.4169338014769,175.8004680598452,140.62604426485188,-0.08861354879430819,0.0330556631088256,-0.1728420853614807,0
1.5541525389394648,1.953056909046191,1.171455978165025,155.55072435968347,175.991598785919,137.943871456843,-0.08748974889516829,0.0297144055366516,-0.1742124259471893,0
1.5400737288795467,1.9220734791970016,1.175265111220677,152.1172056592727,175.87060819884138,133.9228571794165,-0.09079764676945547,0.0313990712165832,-0.1699761748313903,0
1.4783315108115018,1.873429250028275,1.1009310766131828,157.9730591740449,177.6128539928365,135.59042087162285,-0.10033869142852612,0.032333493232727,-0.1792786717414856,0
1.5364858883856716,1.9493685193667944,1.1563409033999517,154.21686625876822,177.3310716747529,130.5596832555925,-0.08898818202135036,0.0359564423561096,-0.1718044579029083,0
1.562625594910899,1.976586782595152,1.1406337328014886,151.67665089292308,176.93717177620206,130.51159825180142,-0.07774959359548786,0.0457215309143066,-0.1731233298778534,0
1.4743167666718904,1.869108814812872,1.0506195669080414,155.15626556115922,176.71442271384882,134.74007969454703,-0.0955368262111095,0.0424028038978576,-0.1740598678588867,0
0.7751814559705209,1.0086186707443914,0.5980067708255049,156.60596322502116,176.81490848366303,138.58113801392415,-0.1112938840922556,-0.0356756448745727,-0.1743906438350677,0
1.5547047523305937,1.956871591858811,1.069146494587722,155.53405675781806,175.70593588841422,138.40448008942937,-0.08652945131063461,0.0287742018699646,-0.1691133379936218,0
1.4989713146593822,2.0669154284135254,1.0522000785313044,148.5391494025157,177.2182006092991,110.51686407847134,-0.08686888154063906,0.0245209336280822,-0.1662681102752685,0
1.4943832278579048,2.1223677853063925,0.9963155751578514,150.51517486442563,177.87068545651366,110.81938749996704,-0.09228245450838189,0.038655936717987,-0.1717218458652496,0
1.449766368142474,2.0921338974608688,0.9807975552327036,151.66179571530523,177.11848952754465,90.79851767935872,-0.09479767888311356,0.023708164691925,-0.1689737737178802,0
1.5435329237404247,2.180745004713573,0.9733795677957048,146.50709851337612,176.89682808579394,112.70249062538689,-0.0836300614633058,0.0175864696502685,-0.1714178323745727,0
1.5606316518964574,2.1927632491261293,1.1156425801564451,146.4419061046064,176.8588394198526,91.70355481181868,-0.0849001592823437,0.0262729525566101,-0.1640772521495819,0
1.6240235354697337,2.216434441761695,1.081960828769886,143.13068544584715,178.0431651898296,107.48079558842036,-0.08094753294155513,0.0166651606559753,-0.1633332967758178,0
1.5792654511200335,2.246521978321529,1.0971487973462344,145.75171093648788,177.58168340268782,113.1348874788372,-0.08430613752069142,0.023525595664978,-0.1671461164951324,0
1.5670198195714116,2.1762417738681834,1.0624307351311415,144.78504125860792,177.9850014930506,100.78676497660496,-0.08549001476818456,0.0227612257003784,-0.1698211431503296,0
1.583907531289087,2.236582656528262,1.066221659227884,142.74761169699184,177.75894418910252,79.39524783176725,-0.08283090640286928,0.0221493244171142,-0.166714608669281,0
0.8168787609560494,1.0675410548204698,0.5645993292218234,157.89844384376033,173.79769387600248,141.65514259651871,-0.11619432364838028,-0.0343931317329406,-0.1710372865200042,0
1.5678606600330387,2.2028621772091923,0.9411934670527808,144.7284422691234,177.810141957861,101.39724509934052,-0.08573770276585914,0.0242276191711425,-0.1693548858165741,0
1.541793277422139,1.8323266670463936,1.2986766942790342,157.51567402338145,174.53182242532895,140.4403180153171,-0.0795825141147502,0.0052611231803894,-0.1631752252578735,0
1.5478138606022736,1.9717981472631696,1.2039021686864817,158.56953260187004,176.80260991735463,129.18450687189778,-0.1043923918930989,-0.0145535469055175,-0.1687283813953399,0
1.5472098456033285,1.7762931480079636,1.1387675551475256,158.26632722613073,176.96558854670454,137.74452446253923,-0.09971688950763026,-0.0169378519058227,-0.1689870357513427,0
1.5812519844013602,1.9410173705478404,1.1920564233295432,162.8584470124443,178.24508026308953,139.3207272770823,-0.1084147630905618,-0.017423391342163,-0.1706557869911193,0
1.551673458833833,1.7877919489372922,1.2994219951594048,161.1336430948026,178.42110735008615,138.36774589955476,-0.10666968651337196,-0.0114319324493408,-0.1749354600906372,0
1.5232221990317902,1.7773671435424787,1.2399668695892456,158.254759930746,178.49808951797516,132.1206211480758,-0.10382733722122345,-0.002226173877716,-0.1745032370090484,0
1.5508053064226488,1.974865011043864,1.3514717796381313,161.99089853970347,178.8771462820383,131.40634865997978,-0.10819223916755528,-0.0019204020500183,-0.174355924129486,0
1.4890113914161667,1.7802241589572008,1.213092712195046,159.33742409514346,179.34992654585614,133.18686694693454,-0.10062044889035847,0.002384066581726,-0.1754317283630371,0
1.494922698466234,1.804512092601043,0.9941042411751788,159.56463083450643,179.01724500095406,135.64696285812215,-0.095260067676243,0.0071842670440673,-0.1694554090499878,0
