valgus_left_mean,valgus_left_max,valgus_left_min,valgus_right_mean,valgus_right_max,valgus_right_min,valgus_asymmetry,torso_angle_mean,torso_angle_max,torso_angle_min,squat_depth_mean,squat_depth_max,squat_depth_min,label
137.93441618552433,177.98979952315952,59.53549490465174,150.99251077944186,179.59609404565583,84.59298370752505,13.05809459391753,157.8868340347604,176.48448132174676,128.79961055657844,-0.0908787131309509,0.0228403210639953,-0.1639951169490814,1
138.53626815466183,179.86660335937674,62.11549311630988,151.67069302925717,178.69226362610846,87.94118151891607,13.13442487459534,156.7236793915439,178.3450384913391,128.31525218006962,-0.09266572069096304,0.0186852216720581,-0.173999398946762,1
141.08994305012672,177.25790981679677,65.04109381846297,150.84841880602693,172.0940300562632,86.33402109457751,9.758475755900207,150.28690103910785,171.30781075687403,127.00857002811009,-0.09719354850905279,0.0143792629241943,-0.1652800738811493,1
138.71727074245604,177.83872628394744,51.82062022303119,150.68250704144958,172.5977694331767,82.41946032702673,11.965236298993545,153.73073648314858,169.5816076669698,133.03649822800904,-0.09874474244159565,0.027256429195404,-0.1633726358413696,1
136.21709384600396,175.20042730808282,59.68724014348686,152.19170742336354,173.319906717187,84.67101692341649,15.974613577359577,151.96310830722945,169.69869846358725,130.90624793061576,-0.09492223535742712,0.0149007439613342,-0.1601340770721435,1
135.8570039408339,176.46514282124355,60.45720515956421,152.0108900305568,172.7210951491497,94.5517761257472,16.153886089722903,150.97554375884104,169.49707712592027,130.24318702196263,-0.0941096000994245,0.0151439309120178,-0.1566133499145507,1
139.92974244026593,176.79879629277022,63.83484176233527,153.79112515740556,172.94544910779382,93.35746462661004,13.861382717139634,151.68614948812683,170.31356297200304,130.29603187773893,-0.10002579694927326,0.0095677971839904,-0.1628448963165283,1
136.9718899880278,175.78416006490136,59.02326068571983,150.99719208127814,172.80781192882176,83.74341523153124,14.025302093250332,150.34369013630592,170.20571942753935,129.1179389186675,-0.09430056998604221,0.0171480774879455,-0.1592334508895874,1
138.2466034973474,177.16496806076728,57.77975010878241,151.4105636477205,172.963936012152,82.41066740621535,13.1639601503731,150.9162790362675,169.21839039757842,128.88601607595135,-0.09584316296073103,0.0184590220451354,-0.1591740548610687,1
136.00229710635745,177.24310167920794,57.16112679620483,149.26216835963461,173.15130606931206,77.73633051164869,13.259871253277169,149.25542817418327,171.1413740661306,125.96089302546658,-0.09090894460678096,0.0212805867195129,-0.1606606841087341,1
138.5390406922811,177.71292790292364,58.39530268024762,150.88411624884665,172.67187479886195,79.56899886946091,12.345075556565547,150.6319233020066,169.14174461672704,128.6239568613858,-0.09511921953673311,0.017529010772705,-0.1628483533859253,1
142.24969374577884,179.8310165311969,56.8324506626262,153.68246795431284,179.01554355447283,85.82117509581391,11.432774208534,159.06722658616042,177.70933862549103,126.34270012502176,-0.10055807533384369,0.0268484950065612,-0.1733372211456298,1
137.77999951479975,177.9207937477779,59.06680543401443,151.15594559736687,174.62352202786474,86.32301160625835,13.375946082567111,149.13440904122302,172.9139582483608,127.94633811539796,-0.09373620213921535,0.0156506896018981,-0.1687304973602295,1
139.66226003809942,176.8294371063287,55.70657016974077,151.56630295979943,174.24059429713137,87.81120939319337,11.904042921700011,150.15917170848456,169.7330903336602,129.8681100474486,-0.09643701190995695,0.0202184319496154,-0.157959371805191,1
130.81309367443592,177.798557307757,67.67086857998517,145.73485235337867,179.16696249327708,85.50441392833575,14.921758678942751,152.45265575599623,175.3166295686907,127.99327897598413,-0.0775792510299892,0.0132266283035278,-0.1653039753437042,1
140.17879573543757,177.38439180429523,69.81095953996129,152.31087807858916,179.34741569951052,93.06450675623306,12.13208234315158,158.06899440182525,176.06659222452942,128.39386064777167,-0.09568483534112437,0.0085067749023437,-0.1659068167209625,1
138.45907923708475,179.06129839852045,69.64613593685837,152.29051143408725,179.47641711289754,94.9548531606268,13.8314321970025,156.82501274269984,176.1913845888801,134.00773678905782,-0.09185053315013643,0.0087288618087768,-0.1651934087276458,1
143.02344270747213,179.937150986738,71.36300358535675,154.34269385886805,179.7005641162905,94.51517188255433,11.319251151395918,158.47301213430055,176.8981005815595,128.66355981603115,-0.09929707730716127,0.0081253051757812,-0.1683348417282104,1
141.35956335587213,179.9765282748279,68.12008472510882,153.50594486619133,179.6719643927675,87.29988713387021,12.146381510319202,159.2366113176259,177.9737798518291,136.22069274461987,-0.09979094459552953,0.0088571310043334,-0.1718006730079651,1
144.46516735043085,179.9783549068294,73.0205266123731,155.677703662052,179.1125360814518,101.70525034351022,11.212536311621164,159.03468716001433,179.0128865955952,131.1688763414234,-0.10243475250899788,0.0046970844268798,-0.1716163158416748,1
147.2974753629222,179.9537528900096,71.4068142153806,156.84014455008685,179.99453757976212,96.31326249476422,9.542669187164648,161.49806293321,179.49678306403345,129.1572975451189,-0.10707642467676008,0.0093880891799926,-0.1696556508541107,1
144.72565364562178,179.89918041748092,65.85178577561135,156.69999011475446,179.6676777407686,93.37917532258363,11.97433646913268,160.13775923725825,178.5315028247894,134.866418978211,-0.1035826904699206,0.0122957229614257,-0.1704243719577789,1
136.03775002177812,179.56687957428358,67.6605568545298,149.49527291618105,179.86280185346834,91.20443488292334,13.457522894402928,157.08783449660655,177.2375530979496,126.84979502008764,-0.08706077965016058,0.0095568299293518,-0.1715672016143798,1
140.45471876685792,179.97661795892637,74.31938168181831,153.64891675549177,179.78106643498325,98.91589397068977,13.194197988633846,157.46671469303064,177.0224755193928,133.526720579827,-0.09506508295840403,0.001339316368103,-0.1690936982631683,1
140.4058626494063,178.21457238893754,66.08075305237236,152.3366980785283,172.17569363227815,87.10416895052919,11.930835429121998,151.60536790493975,172.15492851702126,129.6887359132929,-0.09855997464159029,0.0094795227050781,-0.1683781743049621,1
138.78697265374163,174.82636196098514,64.41094144615026,151.7329730095796,171.45391049868374,91.82505057212764,12.946000355837981,150.79655166196068,169.90177024329773,128.18130996096514,-0.09600490398621289,0.0115948915481567,-0.1572116911411285,1
134.38513151451872,174.46805602459565,55.99860868517999,147.96060239687256,170.69888097432474,83.07851192051737,13.57547088235384,148.69380464093436,170.31677994576694,126.24502259114296,-0.08975273946469478,0.0216686725616455,-0.1568121314048767,1
137.19583250213202,177.18086205008186,63.4350297797479,149.54595528387307,171.57339696850565,87.73043248560761,12.35012278174105,148.8551702538916,170.01937978658663,128.55192064559895,-0.09222512553026387,0.0139828920364379,-0.1587762534618377,1
135.87665847607326,175.87552661555458,61.53530282411595,149.01736015847675,172.46889782837405,85.97562228898853,13.140701682403488,148.80241249756978,168.1316706447434,127.54663650376251,-0.09010183292886481,0.0165898203849792,-0.1614002585411071,1
134.94617636110232,176.8417313832395,62.38561097812984,148.5400044046298,172.69793576825435,86.97075766217162,13.59382804352748,148.1114602252146,167.89047419071824,127.8906554601192,-0.08845956069092417,0.0160186290740966,-0.161771684885025,1
141.56941517382427,176.81355775571663,65.42607117132535,151.192579077318,171.83242229756195,86.0289625516176,9.623163903493719,150.58325170426315,169.72244238299535,127.39378487019184,-0.09813392552259924,0.0139340162277221,-0.1611547470092773,1
137.9664564762227,176.7626818523071,62.6691534648433,149.09779089300778,171.83804535288246,94.25888316352564,11.13133441678508,148.70661943791524,169.7266633723536,125.72808851667156,-0.09191609608630336,0.0142725706100463,-0.1610641777515411,1
138.99509563912085,178.54539719358107,63.739078300551256,152.07284011042114,179.94765551433446,76.97631921896831,13.077744471300292,158.70060975729336,176.3017193737463,131.38654589605952,-0.09222479250568606,0.0162051916122436,-0.1612230539321899,1
141.817439535407,177.7642672506732,67.13501070094233,153.94714578494302,179.17867512060874,94.99183431209453,12.129706249536014,158.72374809311128,177.3104274014542,125.25662836354552,-0.09598816158594906,0.0129209756851196,-0.1657304763793945,1
144.0126135448378,177.54975254368557,68.94379172848072,156.3111485285915,179.987872485915,87.09689739553349,12.298534983753711,161.11484807157984,177.48653632171573,132.42505008330286,-0.09865149259567257,0.0097128748893737,-0.1607910692691803,1
141.328028606594,177.44818453324305,68.74681464963399,154.00877189804757,179.91178958593187,89.08289529503408,12.680743291453581,159.44166778176495,177.35808775054463,135.5180842503786,-0.09379051150856434,0.0105053782463073,-0.1633761525154113,1
145.15773887350332,179.3461910608858,71.57941251476765,157.76203378435284,179.97631794728125,93.26082855416452,12.604294910849518,161.00108503343142,179.03677384826898,131.72081365874288,-0.10093414648012682,0.0062806606292724,-0.168211281299591,1
147.01019683702495,179.10260347708856,73.01541001268352,158.47220187646485,179.99627089673643,97.00668069393264,11.462005039439902,161.71992549340644,178.88752996178906,131.82677442671664,-0.10533137131821023,0.0035871267318725,-0.1702509224414825,1
146.3365390220529,179.11736255955614,73.4438242863033,158.31699405249805,179.9718672408841,100.26714826331958,11.980455030445142,160.28642555799232,178.7872838723273,130.85365653171618,-0.10597626607005409,0.0031152367591857,-0.1704788506031036,1
139.61678823387376,178.4812506041624,67.59511060984096,152.16029033050856,179.96991512900354,84.16239623588143,12.543502096634796,160.27686683358223,179.24894414379452,135.04914153730238,-0.0926130325818548,0.0110096335411071,-0.1705458462238311,1
145.66728572357817,179.90341347168618,67.49072095145607,156.54255443712518,179.99677928356598,87.50970478763264,10.875268713547001,161.74333907107732,178.76613426367962,133.11075650041988,-0.10313125423811097,0.0113746523857116,-0.16679447889328,1
136.5495027053698,179.90524146998388,69.33678542493975,151.02016512323823,179.437587770474,87.572442524661,14.470662417868425,156.57785308175843,179.2975137664764,131.025659008526,-0.08710285605386242,0.007517397403717,-0.1695728302001953,1
134.62796341951397,175.6142986086992,66.22923174186347,148.28445444433686,179.17546354848716,80.02133651751342,13.656491024822884,155.73778187505124,177.25059185051444,128.47040299323413,-0.08411504328250882,0.0133942365646362,-0.1542545557022094,1
130.43534918568855,176.54751213497988,62.44405208242013,144.19632665424777,178.77080683789293,75.3259450841171,13.760977468559219,153.97474681842564,176.24659936967683,131.47837179698487,-0.07960394123098351,0.0190863013267517,-0.1606142818927765,1
145.30535053153545,179.96127114172586,63.164322083780576,156.35644253644793,179.2235470075415,93.5940359065305,11.051092004912476,160.6843307038808,177.97836010333694,129.4975636133408,-0.10386328200499213,0.0177692174911499,-0.1655190289020538,1
136.98201458471792,179.93889770671558,65.04822767887805,148.76588318745834,179.22824157670965,78.78619965391775,11.783868602740426,156.94268664851586,175.77838522537257,132.17216112064182,-0.09123993251058787,0.0149312615394592,-0.1644767820835113,1
143.38854662071614,178.57778034035428,68.29672707190022,154.36011369113578,178.50670538577972,84.71219725397202,10.971567070419638,160.3598986915083,176.60166518570838,132.5328055112587,-0.1029526121025785,0.0106596946716308,-0.1690588593482971,1
146.80306913431323,179.3846151688578,71.2751941032532,157.06893330157033,178.93639184194456,93.99529542295596,10.265864167257092,160.67128305290282,177.79170229960317,130.0711493387983,-0.10582098506745835,0.0085273385047912,-0.1705617904663086,1
148.23501339034422,179.96894961320865,70.2616254779512,157.75396345600885,179.98264662976177,82.78995446447054,9.518950065664626,161.08167215123348,177.74731961314143,127.48305532285372,-0.1102369736161148,0.0106807351112365,-0.1739336252212524,1
147.65678179891665,179.95399594802564,71.94673007270198,157.18989318493635,179.06075289638505,89.70474310630314,9.533111386019698,161.9092065389526,178.72179135883331,130.9696966673728,-0.10972687654327928,0.0087332725524902,-0.172284185886383,1
147.16154442476784,179.96303879552093,66.55291435278575,157.9486026280987,179.9167460611135,86.17784207216133,10.787058203330872,162.058006930051,179.2612552237723,133.99324903693417,-0.10863234116150448,0.0131762027740478,-0.1728340089321136,1
147.12092708699436,179.98946160345608,70.2012199212998,157.33349703958518,179.13468208406073,93.49395805781396,10.212569952590826,160.22366002370643,176.79099628086993,130.23345601354964,-0.11007282910523587,0.0090084075927734,-0.1752898693084716,1
148.5243811532108,179.74593018401504,75.19837362248337,158.43109278457803,179.99904651256395,103.92379866406844,9.906711631367216,161.50387277518104,178.99524545393083,127.46859354584778,-0.10989632113621782,0.002180278301239,-0.172171413898468,1
134.90408575607617,177.19313338773318,57.01722381275556,148.28304469707032,173.10881208417112,78.50989936650511,13.378958940994153,150.08827207442593,170.79784630626102,130.61748489206263,-0.09121336690757582,0.0214824676513671,-0.1631464064121246,1
138.11332159390312,176.8827931564231,57.70486953550758,151.64350397259744,173.68815201440722,82.87093067734429,13.53018237869432,150.60342922958165,170.07796343207707,127.59871824192405,-0.09504337002942846,0.0198426842689514,-0.1625573635101318,1
145.64701908474558,179.8924362286016,68.09046771961725,157.05028467701544,179.98302455557268,95.08400296670708,11.403265592269861,160.47843781872538,179.64800686514678,129.76700932308128,-0.10445680462795752,0.0116455554962158,-0.1726210117340088,1
141.2324807926421,178.13271923316486,61.05676069941914,153.15085831795432,174.14705930826838,86.31546053704623,11.918377525312223,151.00490265305243,172.813696018167,125.6877924031932,-0.10082165197450284,0.0142857432365417,-0.1671986579895019,1
141.36274117992855,178.2109820761923,63.22827862841732,152.87049600521627,173.39059268293826,86.715249737199,11.50775482528772,151.294549750424,173.7357351111335,127.1835058163146,-0.10013238787651059,0.0102765560150146,-0.1605095565319061,1
141.14024363227384,177.69479656288232,60.3415806638743,152.07494769749567,172.26730687546222,82.52087868739704,10.934704065221837,149.62352043321116,170.14279364869145,124.83754046150618,-0.09929305468637917,0.0150757431983947,-0.1633255779743194,1
136.7368683673166,177.15709986715706,56.46937092982036,147.41904685830082,173.03765754522792,72.83481131543051,10.682178490984228,147.97590597246054,169.6522640696305,124.5509154925199,-0.09012926378092921,0.0226303339004516,-0.1617420315742492,1
137.98563145542442,176.6454288763232,57.88485521617873,149.86488769617316,173.07644619088234,82.03945664463133,11.879256240748731,149.13572384620755,170.54535975436465,125.7418378395112,-0.09290273274694168,0.0200334191322326,-0.1628575325012207,1
140.47978473343133,176.72928104670584,64.21826529572097,151.35455863862558,173.01335873232625,83.72862200099742,10.874773905194246,150.228832473544,171.86492611110083,126.64809050257014,-0.09637286255554274,0.0111656188964843,-0.1608752310276031,1
138.2236132927711,178.36351664540237,62.21818153204991,150.34745567853972,173.80820198736484,87.02039158083122,12.123842385768626,149.918691594526,171.97709353226102,125.57131438568138,-0.09340807168107282,0.0138635635375976,-0.1596391797065735,1
138.37393187104962,177.14961828314426,60.12562369909238,151.30695679690086,172.0210622002684,85.93545616999737,12.933024925851242,152.48619540066866,171.0846532995185,132.4646472675343,-0.09597654454410072,0.0194792747497558,-0.163151204586029,1
137.10539511879375,176.1748501702179,62.00931291392095,150.59889205896974,173.2875139474597,81.69927199784524,13.493496940175987,152.3952146603671,170.1678009810488,131.38505886849728,-0.09469113474363808,0.0147788524627685,-0.1611951887607574,1
144.17240698698922,179.95135337202845,61.52115617967964,155.1114311378598,179.31680049949134,80.41671898107502,10.93902415087058,162.2295927569195,179.8996078641819,138.15885306908592,-0.10120155766975779,0.0177153348922729,-0.1720786094665527,1
138.72282837789598,176.3488060117893,66.83246692661895,152.22350096820102,174.24977386280966,86.56158032348863,13.500672590305044,151.49790183699247,173.5529868614759,129.4799363314198,-0.09694091341596965,0.0103614330291748,-0.1602426171302795,1
140.40071806327157,177.16318705976764,60.57323742378518,152.8297667787997,173.13196666118748,88.85954109139388,12.429048715528126,151.46495080588602,171.71801457628155,126.44485172760618,-0.09751465060923356,0.0179264545440673,-0.1600275039672851,1
139.56841994639842,176.87006008903987,64.52991408294432,150.87925058062,172.89158775161405,86.2681835034235,11.310830634221588,150.3381284509255,174.0430230388957,125.71320626835411,-0.09454721719660655,0.011417269706726,-0.1604666113853454,1
138.81998213323945,175.56868912619973,66.38905888256089,152.54983415307981,173.80298744445162,90.43831102561283,13.729852019840365,150.45653253041797,170.41328175131284,128.99654237632973,-0.09610125582705258,0.0126914381980896,-0.1610053777694702,1
136.21352064940783,175.04354654185065,64.62332128112779,150.24803377212095,172.7013695956221,89.83722146655774,14.034513122713122,149.21785269646486,171.3932675842448,127.20322712737573,-0.0901390399251665,0.0105502605438232,-0.1564034521579742,1
139.58793861842014,175.98160843762153,64.91887278377828,151.28897454130157,172.58393822524457,77.71397609675101,11.701035922881431,150.89743200503506,171.42282695323084,127.34782116470667,-0.09441683769226071,0.0132098197937011,-0.1567768156528473,1
137.7610443053109,176.08803037480223,62.19034306248918,149.7504416395565,172.37461448212255,82.51530747377218,11.98939733424561,148.3301302940439,171.09053694263835,125.35253979325324,-0.09145575275226511,0.0145244598388671,-0.159073531627655,1
138.74641694433777,176.4965890805115,57.30141306268274,151.17364531173234,172.726931331896,80.96958697655272,12.427228367394576,151.67776863106326,168.11384524816208,130.64125163597345,-0.09761161179769606,0.0232752561569213,-0.1597439348697662,1
137.55038246995252,176.61797230654443,59.3376608219125,152.173547490251,173.0981113203904,86.36129318632618,14.623165020298472,151.24522240029364,169.59945827225775,130.85958942327392,-0.09603118736256831,0.0188249945640563,-0.1618586778640747,1
140.87219553523045,176.17519136919017,58.2224048304817,153.43982670963737,172.8689611435574,81.06655792634818,12.567631174406927,152.70124383902564,169.48268349695053,127.7495939294158,-0.10191205115813126,0.0199337005615234,-0.1606481671333313,1
148.54337627406827,179.96386637928538,71.41311615053687,159.1135703717535,178.89805399680125,101.68343094296394,10.570194097685231,162.3543663169698,179.5494330509136,129.7450124881346,-0.10982202939365218,0.0061476826667785,-0.17094686627388,1
138.93718561495155,178.03306400648606,57.425438890748886,152.3569568866672,173.83008874582697,85.6551780941716,13.41977127171566,151.4731160829484,171.71989251231685,127.85591326453634,-0.09923345088958736,0.020893394947052,-0.1654450297355651,1
137.7117869136187,178.0225866234212,58.09678858803721,151.0443934410564,173.33329915035733,84.90487821249714,13.33260652743769,149.523827558009,170.05562063719742,125.4019543156908,-0.09527900038907923,0.0208022594451904,-0.1637802124023437,1
140.61054223066168,178.68005653457402,61.32993166073115,152.57467426069869,173.3214101219411,87.52713003911721,11.964132030037007,150.68029605599668,171.4756257195853,125.09030751593173,-0.09839167088270184,0.0151103734970092,-0.1602002084255218,1
140.25157782734314,178.20596016326,57.05082754401045,151.7989980311802,173.26768562142004,85.57051033141875,11.54742020383705,149.86455146783368,171.11123137760356,124.5860375349611,-0.09724989503917125,0.0198772549629211,-0.1595209240913391,1
143.36747339740194,179.1154831423499,58.59142696785743,153.51549792966455,172.64221475570085,90.10397858234376,10.14802453226261,149.86599086199828,171.43303681468583,122.50369875394018,-0.1017655632763265,0.0172613263130188,-0.1646980047225952,1
137.36220010961114,179.2424478325761,56.99595368301549,148.7667213180575,172.654348749708,80.3091469275258,11.404521208446369,147.54520110410232,171.8019394998254,121.74386740939072,-0.09357918006308531,0.0207694172859191,-0.1673960387706756,1
137.49921461699105,176.39703084044612,59.55213133377246,152.2807875316338,173.32903901825517,86.17470794628035,14.781572914642737,151.1148888016844,169.3098600064544,130.7274052553072,-0.09573750278001189,0.0187920928001403,-0.1606550514698028,1
140.9742496648586,176.3642570118524,57.262293901811184,153.58796628969333,172.8187539812619,81.05814194397476,12.613716624834723,152.82988526224761,170.05046656612913,128.879796973404,-0.10216180586589954,0.0213444232940673,-0.1611190140247345,1
139.073003299032,178.02963350673008,57.37640276810632,152.28958238030583,173.211262580733,85.83902854200056,13.216579081273835,151.44538305716742,170.54887031508073,127.8296541964992,-0.0989935582876205,0.021120548248291,-0.1625978350639343,1
136.38163981843928,176.40838358925834,61.53618719160541,150.50464732863395,172.08720837676964,88.70074961653287,14.123007510194668,151.47700839507726,170.0421002924614,131.9055441929386,-0.09232815772622495,0.017780601978302,-0.1640479564666748,1
146.83134200162257,179.6872393586861,70.84490681591902,158.46022964401251,179.99706952894687,98.21253183301164,11.628887642389941,160.99512886093208,178.56230309800344,130.07927659029036,-0.10791160997036281,0.0079399943351745,-0.1711435616016388,1
140.40570591415238,177.32306862609465,66.33111882859878,152.16285501478484,172.30861134117075,87.22683294282989,11.75714910063246,151.62107725907552,171.58990169547363,130.8503695804721,-0.09789842236173019,0.0095003247261047,-0.1645325124263763,1
135.7754936491098,174.98585836097266,63.49800209746166,150.50414153421485,171.45424935051193,91.6238479429563,14.728647885105062,149.29988610449925,169.20740245404403,129.0422948893375,-0.09107908279430572,0.0141357779502868,-0.1568167209625244,1
133.97494137108598,174.6451931243703,55.38244119387714,147.6674157070144,170.69010637987978,82.56828443935962,13.692474335928438,148.18193520568167,169.7559635230961,125.41596128103254,-0.08891976222224617,0.0212271809577941,-0.1570774912834167,1
136.71762830196317,177.31681618776804,62.59761194015178,149.2681202847477,171.25268186112905,87.30221567307271,12.550491982784536,148.71935528251578,170.39199960670587,128.06948386777057,-0.09132806095812052,0.0127509236335754,-0.1584276556968689,1
138.63310251576348,176.15112991645464,60.11894102611992,150.32463620139063,172.9601520219861,85.24353650543611,11.69153368562715,150.04694371234996,168.62361832919402,127.12740394395628,-0.09441727249309266,0.0166497230529785,-0.1618772745132446,1
137.15279099388405,177.67264963919573,62.29753067365848,149.70465833017812,172.59170789708097,87.36905327421576,12.551867336294066,149.31147821781082,168.70450916587222,128.3609215511839,-0.09185103236973936,0.016713261604309,-0.1587358713150024,1
141.09155208143508,177.18053641643334,66.44956870153739,150.905422664547,171.87648051394905,84.91885533407351,9.813870583111907,150.20499522466844,170.0271225034048,126.9256135424242,-0.0971081625847589,0.0128644108772277,-0.1615285277366638,1
136.29812561256068,176.60628353603784,66.64913417509848,148.15233009228913,172.12846317153233,94.0160871669464,11.854204479728452,147.56597040483706,169.77089585149298,125.98043769670184,-0.08959178302599033,0.0113990306854248,-0.1602114140987396,1
138.54518646618428,176.0520278770397,60.87511307113012,150.51367136934815,172.6250333604037,86.70972000936497,11.96848490316387,150.1926204646019,168.8583254634837,127.06461225245164,-0.09370221032036671,0.0160796046257019,-0.1586054861545562,1
136.62272192657474,177.08079727800114,61.11177379957519,149.2579205804158,171.36032035898648,87.85819340908176,12.635198653841059,148.54400725821432,170.1048347504588,127.27811182159655,-0.09135467509428656,0.0140656232833862,-0.1590757668018341,1
142.61535499850638,179.81447192995574,75.2746326860338,126.52745624699675,179.8348949108818,51.6877813949691,16.087898751509627,151.1482611839739,178.5349879677398,115.65758931226831,-0.09880056527425654,-0.0291903018951416,-0.1338987350463867,1
144.2269101014242,179.96896937502413,63.85093540910732,130.48302262654005,179.9964489773258,45.37971007153852,13.743887474884161,148.4684789107237,179.8041913501892,111.17056068367955,-0.10005226026054555,-0.0134664177894592,-0.1364427804946899,1
135.9646939176822,179.29962340859734,67.61593422356142,121.39781536175394,179.85263712863363,51.725523026941005,14.56687855592827,139.51830434053116,178.34513889684746,105.14432728292216,-0.09295137474934256,-0.0147144794464111,-0.1322264075279235,1
143.7768941005434,179.91824714089682,75.58453616145535,127.64960279085635,179.7831183537955,53.29649668527063,16.12729130968704,144.91144718613558,179.20965397365384,102.0103463660659,-0.09801477193832393,-0.0223205685615539,-0.13276207447052,1
142.65386128389588,179.9232143606318,66.17526944720275,129.11800070544422,179.783548797977,50.75448108456046,13.535860578451661,144.4562861627044,178.46702865980075,106.54416259062528,-0.09735406730689251,-0.0136088728904724,-0.1341726183891296,1
140.86774629217183,179.87844039401378,63.75049751016287,126.00385853746658,179.90109547071037,49.04941824492961,14.863887754705246,148.40720175810165,179.74462166725203,107.79634628697832,-0.0965655514172145,-0.0082361698150634,-0.1384764313697815,1
131.93152521555106,177.72751916173894,53.54403829024945,117.51290193987265,179.84114380068027,37.19655728008799,14.418623275678414,142.1529479548738,179.9927861868069,98.0593665593384,-0.08852346253996132,0.0003586411476135,-0.1379970908164978,1
143.40605019024036,179.14155178116218,73.91486561407459,131.07020291695454,179.9975480456235,47.35486907003571,12.335847273285822,150.99816062077508,179.55562497923805,112.36760813673612,-0.09855859866365788,-0.0253129005432128,-0.1310744285583496,1
139.77913115399338,179.94602910907656,70.87408432690042,121.18360540617653,179.4836595474255,51.03477836254916,18.59552574781685,147.1662364734605,179.20922490569143,108.13100343406396,-0.09274518672300841,-0.0159218311309814,-0.1334151625633239,1
146.3366049744454,179.8576622557549,73.49902509604946,129.14234480855814,179.77640170727244,47.68117154467927,17.194260165887272,149.3530767963271,179.94717461479885,103.68550627128435,-0.09962235185606723,-0.0220841169357299,-0.1323172450065612,1
147.05505587510422,179.71605116452076,79.54110562204848,128.92959618281938,179.9695408851065,50.168183882397706,18.125459692284835,148.80424703051742,179.6720575258799,109.54465363105729,-0.09871393999206682,-0.0221710801124572,-0.131881296634674,1
143.2781430852028,179.81898101847224,70.6561700505086,129.60208672249243,179.8420139784276,53.471940854907416,13.67605636271037,148.57804862778164,179.62230080586477,112.66110339238162,-0.09619488841608947,-0.0148310661315917,-0.1338983178138733,1
145.6583128565921,179.8942613862664,69.92600070027203,128.4248813665553,179.978114918028,48.90729150501991,17.233431490036793,150.89899977015406,179.85355831467172,108.82449507374464,-0.09872166227017128,-0.0153186917304992,-0.1326846480369568,1
150.05685198896586,179.8979684172615,56.37071083708378,137.4644572916668,179.5327756818209,42.81957308718552,12.592394697299056,154.60474919616018,179.14878488947636,106.0061453429435,-0.09982284637001469,-0.0125327110290527,-0.1267011165618896,1
139.7345686187947,179.98762215098023,55.68786464510809,122.54783598878325,179.51770701146586,42.38122300854173,17.18673263001145,144.1945311116285,179.85102393743963,107.81039149680647,-0.08923767412765111,-0.0021370649337768,-0.1283588409423828,1
147.93042675700124,179.92972178513165,53.12981315409366,136.34476278200083,179.94363449025766,42.65753299926067,11.585663975000415,150.49539779091228,179.65671958547975,107.08015176294488,-0.0971926625715483,0.0003625750541687,-0.1259600520133972,1
147.72220039530225,179.96187316300393,58.21161832397284,129.65860004692348,179.95703966759334,40.92226883571498,18.06360034837877,151.63044760177522,179.06780110597052,108.2646958665325,-0.09945671477364101,-0.0033296942710876,-0.1317232847213745,1
143.81529501268764,179.94197383848882,59.81780544757672,125.32408142089085,177.56248082893276,42.66441616903725,18.491213591796793,149.13375466875675,179.49630211754922,109.4846182302619,-0.09561924402972298,-0.0041373968124389,-0.1298699975013733,1
139.27445553102288,179.85325535002383,60.647771780765865,118.38034595754418,177.83705196275451,42.73724234461438,20.8941095734787,148.2424656510195,179.85768868753485,106.97894445448098,-0.09224569470915071,-0.0029319524765014,-0.1314432024955749,1
142.9954218871821,179.64360197795267,59.63004430104807,128.49506925136518,179.6930177422164,47.538135185725686,14.50035263581691,148.27016049215703,179.99724896324904,103.64829664160762,-0.09773949677484074,-0.0096020102500915,-0.1358774304389953,1
148.42762462875498,179.9084664772118,63.17705940515262,137.02876418451285,179.99601155659164,48.17158866218615,11.398860444242132,152.59313511420538,179.74116959629436,110.4254758321161,-0.10499104100560382,-0.0171889662742614,-0.1332830190658569,1
143.24492319500487,179.66105588963492,62.22005209560656,129.0578881463598,179.85814998197876,49.30051917597798,14.187035048645072,149.8031578269572,179.71832866138104,107.38440674649982,-0.09683730385520238,-0.012431263923645,-0.130756676197052,1
142.6125988016829,179.96810709422252,68.08479769200018,128.9038663399475,179.99905071081702,50.40190549662362,13.708732461735394,147.38095511619008,179.8705661713168,107.89402969195902,-0.10347276409779944,-0.0151367783546447,-0.1416724324226379,1
138.49587302866775,179.9059133925632,67.07188909830603,121.99067932296838,178.33676879954143,48.66044711850236,16.50519370569937,145.1740425808056,179.23616846284816,107.16763142206734,-0.09948539426646279,-0.0118538737297058,-0.1424592137336731,1
144.97154114795467,179.96816516118918,69.6867127379825,131.54189448895352,179.94173776115045,50.56795045738205,13.42964665900115,147.46352860458438,179.6248402613263,106.89603758533316,-0.10806763718981259,-0.0177938938140869,-0.1422423720359802,1
140.12819306136242,179.79499351950344,67.66046056503305,127.77337603857124,179.98116719563492,49.189896574581326,12.354817022791181,147.20718373267968,179.99719420023987,104.88358832006858,-0.1016965093357222,-0.0077645778656005,-0.1439264416694641,1
147.6878079473638,179.87812547921465,102.60977074689043,140.50857964579532,170.0580786883419,100.17227442740489,7.179228301568486,160.18633796175737,177.4294743626926,147.37160888729872,-0.1127607045989287,-0.0421539545059204,-0.1791960597038269,0
149.89735718496595,179.8081800880527,100.7370995560877,143.37145595618685,169.32646755196268,99.82901458681312,6.525901228779105,157.68664268415134,174.83765407669023,143.1453277558511,-0.1170959395088561,-0.0387743711471557,-0.1780787408351898,0
146.54005878641377,179.98597132648334,78.10775249203529,155.2878014421861,179.99543749937618,98.38666934745385,8.747742655772328,162.17401953172435,178.8773025517902,136.18718984192353,-0.10782938436517173,-0.0040252208709716,-0.1724479794502258,0
153.30459173593195,179.70506401843062,104.57630523831428,159.56070018226114,173.362061216841,131.03758929031216,6.256108446329193,163.87380347159143,176.19581201258774,147.77946378392792,-0.1246312411863412,-0.0432180762290954,-0.1727385520935058,0
148.45007516310602,177.6796511648824,93.09241335955096,159.3436364029847,172.18114803379294,127.23889831498462,10.893561239878693,160.80025527822664,177.27047047087228,143.87631535004442,-0.1165107020964989,-0.0288118124008178,-0.1706253290176391,0
145.89924827306007,177.3380165020459,94.80697930628376,157.37623451412824,172.71442827092648,128.33248502308513,11.476986241068175,160.40594135285693,175.07168610884256,143.77003318575817,-0.11436841964721675,-0.0338502526283264,-0.1684335172176361,0
149.34118540388465,176.96917707403432,107.14515350659212,159.8487252901285,172.3703897166966,135.48120495114196,10.507539886243848,160.58337580105342,174.19425372880036,145.23738198924198,-0.11959852409713406,-0.0491953492164611,-0.1677379608154297,0
149.44844292887066,175.16508869330846,105.92774667448982,160.771503889771,172.20369616117364,137.6262798098285,11.323060960900335,162.10916177979513,175.2220250613982,146.3800256263325,-0.12052470897183269,-0.0462565422058105,-0.1658217310905456,0
144.03466302488872,176.70034584388733,100.96255723930668,158.5158473785128,173.50009519786727,134.6814654713459,14.481184353624087,159.6765110272851,174.83231217846915,144.05124949924024,-0.11109827011823652,-0.0393531918525695,-0.1667738854885101,0
147.18320690574615,176.36640273444849,102.54758131955543,159.41010960219802,173.43272988745207,134.3073212891628,12.226902696451873,160.703265117248,175.62652773429235,142.81868836789985,-0.11622047235095309,-0.0426638126373291,-0.1653485596179962,0
147.6911243705964,174.07265572454503,105.03143610687894,160.22876372839266,172.79481268986544,135.9189471195266,12.537639357796252,161.45821867642863,174.69404599416646,143.71327615610838,-0.11760348850680932,-0.0446309447288513,-0.1648119688034057,0
147.93098541584925,175.19297708643327,105.45231908742912,160.9260449030016,173.88882744436006,134.79541103781824,12.99505948715236,162.1758256565295,174.63245863328314,147.36082196548912,-0.11641565377895646,-0.0438663363456726,-0.1640676856040954,0
151.33941516879787,179.95407426797146,99.85585337745256,142.22423341623235,171.78543625314555,98.87303634513042,9.115181752565519,159.38893481879407,178.31573174040216,143.5674087679225,-0.11859901837612448,-0.0416738986968994,-0.1794557869434356,0
147.8703664280385,176.63121926898697,105.04371549371152,160.07712555424516,172.410219073443,135.54603633364857,12.206759126206663,161.4806322611605,174.214719842268,143.91795631249158,-0.11789373476659096,-0.0441319942474365,-0.1662982702255249,0
152.5835107555494,179.9569295021246,88.08310560097428,165.52443349226104,179.99841456877527,112.0246100679422,12.940922736711627,150.3616019286208,177.4362638931542,102.81993009905176,-0.10859423784809255,-0.0080920457839965,-0.1680149435997009,0
147.760711504478,179.9940395074635,74.81237371529517,158.0005635310174,179.7566677276845,92.89567990399615,10.23985202653941,148.90473310671348,177.58337941218144,103.56148504917316,-0.10138272151114446,0.0074175000190734,-0.17501962184906,0
149.5339012457772,179.89719119783808,75.07795792448304,159.32135172772618,179.1865692148926,91.72850178272331,9.78745048194898,151.12272702827195,177.30715178292394,117.62365416415336,-0.10573444593308574,0.0096163749694824,-0.174989253282547,0
152.01606256991843,179.79778095364946,83.37118062335486,161.94841910791388,179.95347389450097,100.29124678106616,9.932356537995446,153.04509498209015,178.12105113343384,115.15948945234062,-0.11010651833327238,-0.0027598142623901,-0.1751977801322937,0
154.9729531140358,179.9756315969518,84.39347166361985,165.16660858171014,179.81302637283093,112.4624133371882,10.193655467674347,154.10417662188874,178.52094819872957,121.7493290616581,-0.11295974707603451,-0.0041667222976684,-0.1738182604312896,0
156.4743109805659,179.8256218676324,96.90961451620072,166.90177537425384,179.8930110801106,132.50108833922013,10.427464393687956,150.77950127379873,178.82054148417345,108.31791580342488,-0.11305277848243711,-0.0148431658744812,-0.1726489067077636,0
158.68434050438427,179.950933376037,101.63844193388688,167.07544464843102,179.60392909490497,134.7277609273552,8.39110414404675,152.79077008227486,177.25339124503157,112.58828713473116,-0.11992376042108462,-0.0177655816078186,-0.1786900162696838,0
157.54327438516285,179.84004431733342,95.20250993940972,167.69154000895472,179.57360464976446,131.77361630380952,10.148265623791872,153.37636801488964,176.50445511765315,119.2184819172376,-0.1164241103622002,-0.0132920742034912,-0.1796621978282928,0
158.2495193900683,179.9854568010505,102.26459899914744,168.0384543815493,179.98282428487622,129.84564883645064,9.788934991481,152.83195332056482,177.26780179160608,119.14188923782912,-0.11714865343414078,-0.0183915495872497,-0.1784987151622772,0
149.5942150415097,179.42832289402037,94.23487312636922,142.6982821748968,170.0543561435354,94.3873519273311,6.895932866612895,160.7354547774489,176.32377834010498,145.30446622970692,-0.11865066763866375,-0.0325856804847717,-0.182340532541275,0
157.59835500961003,179.94560004636125,103.15842971970147,167.0261936513487,179.94238279643395,140.55583325356685,9.427838641738674,153.32210331832138,177.3561937043424,113.33532365859446,-0.11525781211607591,-0.0186612606048584,-0.1729660034179687,0
133.26875670114518,178.2984385097811,70.53329192017297,146.04568399659138,179.95916785009186,94.86520607241988,12.7769272954462,156.03291984809914,177.31810457112158,140.94566369736958,-0.0750505293253809,0.0068404674530029,-0.1717016100883484,0
142.026317229619,179.28444901507424,75.06773085197061,150.08676122331772,179.92281837789318,99.61460165809402,8.060443993698726,156.12923920629737,179.9506690749187,135.7851059590884,-0.09027398366194503,0.0030100345611572,-0.1756731271743774,0
145.98245813265675,179.01234474595984,79.12742605289118,153.23222036529984,179.90348385056447,102.15676688576588,7.249762232643093,157.41042270934796,179.95615179314316,139.91431385897013,-0.09487438177274275,-0.0009964108467102,-0.1734695136547088,0
143.70887672147498,179.97196214744068,82.32087493801573,154.1993685034006,179.99987580894555,113.42485136789446,10.490491781925613,157.8924416181284,177.5379664298438,139.4964916655075,-0.09222001477706528,-0.0031074285507202,-0.1696010828018188,0
140.80938354933662,179.90535000151198,68.28062798360737,150.68097656880454,179.93870921010853,90.81022531348236,9.871593019467923,156.60455498093395,179.7459980172479,139.1633281832489,-0.08972280136039178,0.0105084180831909,-0.1726710498332977,0
145.8377402111264,179.45095888997696,75.8871100688016,150.21599661655694,179.9550645178886,94.15401837926682,4.378256405430534,156.14895003952083,178.87659757016786,135.23530686494786,-0.09765446352958676,0.0023149251937866,-0.1764476597309112,0
136.9609264457269,179.49539528899257,67.19723453231892,144.50710145952982,179.99292556773085,90.7206378487747,7.546175013802923,155.78295166317284,179.99389519710553,138.49793898287805,-0.08510465152335887,0.0109951496124267,-0.1731677949428558,0
145.01893325875113,179.88012568669828,69.43906185070831,149.67025202270972,179.892694544625,88.48949365151434,4.651318763958585,157.93599462108168,179.96608642780097,137.71302960080695,-0.09852737210579769,0.0118147730827331,-0.1741921603679657,0
141.80276986205286,179.73537376886742,70.63574020510293,150.0551989510449,179.7058368001394,97.01879302677318,8.252429088992045,157.25909048282506,178.72976155549736,138.54880105431724,-0.09517075794714466,0.0085953474044799,-0.1779470443725586,0
148.3551794214784,179.94359416483263,95.32043778767004,140.55045864632484,170.8065869662994,94.43649841191623,7.804720775153555,158.21372115670107,176.0249449521919,141.5631520407772,-0.1143851468437596,-0.0348965525627136,-0.178575336933136,0
136.69650384612356,179.9188861912206,65.75323923235952,144.5615414630144,179.94402488532944,89.19152109492671,7.865037616890845,155.5640318719277,179.76175162954502,137.69131311144938,-0.08435151319612154,0.0131025910377502,-0.1729031503200531,0
138.23534127220924,179.97276837381162,75.73742651980277,145.64302535063908,175.5593321356289,87.68311504867262,7.407684078429838,157.53168982721718,176.7534143365787,138.19274910298122,-0.10329219508171081,-0.0173239707946777,-0.1743749976158142,0
134.12285763306573,179.95514725612418,62.983856203171705,140.4680310150258,172.6556467357826,74.640922183893,6.345173381960052,153.30808459401044,176.10590315330415,129.98602892429187,-0.09872972942490608,-0.0058786273002624,-0.1742527484893798,0
131.6080980922137,179.69140074522167,59.75464755521204,139.9428811626773,172.77517108905343,72.04896583628889,8.334783070463601,152.46423236433313,173.57475851142178,132.91836446302432,-0.09232775635189477,0.0056249499320983,-0.1697921752929687,0
130.58803927749122,178.1587672431084,58.04789262197883,142.75954423441897,172.70107275911604,73.11087477853846,12.171504956927748,151.62301030933708,172.87174425159722,135.2995596655687,-0.08973591482000688,0.015130877494812,-0.1678149700164795,0
134.97307703091724,178.42625885890362,57.67985309272569,142.11930571092014,173.21387882138453,73.02420439117208,7.146228680002906,153.2669749604021,173.91508722504784,132.34685729163732,-0.09884417765453214,0.0121156573295593,-0.1707068979740142,0
139.28242738134242,177.8389056638748,62.00762055931567,144.7861170601523,170.77116238617683,74.10444335209229,5.503689678809877,153.3904926059414,174.0688780181083,129.8768505042908,-0.10407856129682976,0.0057349801063537,-0.1680661737918853,0
134.41059881457588,177.3676905218711,60.60490564089031,142.77247717434523,171.848638808194,78.90641481194203,8.36187835976935,152.23818555455858,174.67949502930293,128.8748252765953,-0.09795162359536701,0.0030733346939086,-0.1684776842594146,0
129.21677272700074,177.74550965860595,55.63852263848795,138.84295397669388,172.16806108252558,71.36261896769956,9.626181249693133,150.33754192615402,175.05296451078462,127.60211414941944,-0.09065039318148826,0.0052797794342041,-0.1696101725101471,0
134.02670080944836,178.89408978279474,63.395684308594014,141.9160001209865,171.72305116787967,72.20540554960297,7.889299311538139,150.56384028297273,175.41280251992302,122.344230607593,-0.09546058532620263,0.0017929673194885,-0.1680661737918853,0
149.83853840096376,179.93325347340968,102.15914602685824,143.33183242096487,170.3315034083853,99.3775830162239,6.506705979998884,157.29070603276188,172.68280489551313,142.7851353548822,-0.1157731809844709,-0.0405194759368896,-0.1730203330516815,0
139.4678698735268,179.41650575868482,62.41062882073342,144.85260941059755,170.6977287031979,74.71945849605056,5.384739537070743,153.4812696571638,174.0898151237553,130.7897531626669,-0.10432052864478181,0.0063436627388,-0.1709272563457489,0
162.94755561134406,179.73039911629323,123.42228817017424,167.306074486456,179.93887733099703,140.33873719449838,4.35851887511194,164.48359211817478,177.0727030269298,145.45016795628985,-0.12178351896912301,-0.0514997839927673,-0.1590524315834045,0
166.37489178417562,178.42310735035457,132.70844944789022,170.24109785144435,179.98668173810256,144.8268860585131,3.8662060672687346,162.57202679361205,177.08055715818736,138.42828983180112,-0.12828981586628485,-0.0560076832771301,-0.1659925580024719,0
166.6076658022136,178.35169603341498,135.430884498604,170.36842327077855,179.99552368374256,147.93913338915672,3.7607574685649467,163.51506726985463,177.20081168121592,142.14403736877784,-0.12610726847368126,-0.0579440593719482,-0.1628293991088867,0
158.96179607710997,178.84628665921767,120.8381407330902,166.77581263142088,179.88265548960348,141.6005065412016,7.814016554310911,163.7690323751843,176.85675068698396,142.7289962981954,-0.10985021581572868,-0.0401158928871154,-0.1613030135631561,0
163.14809451718818,179.4054081071709,123.95573956490529,168.40860119293717,179.6699606057979,145.3393497890161,5.260506675748985,163.304699602712,178.24216198885497,140.55351904946994,-0.12045140649591168,-0.0404789447784423,-0.1642804741859436,0
161.55341152408553,179.90434465916968,119.22949667278093,165.67917839866976,179.98990282160392,136.6077124690895,4.1257668745842295,160.92118319739237,178.52659465514407,132.14394124854195,-0.11853300264248477,-0.0412866473197937,-0.1700463891029358,0
166.08897331320867,179.8482947993615,127.3349331663236,169.11492890595147,179.88595565762716,146.3449619295246,3.025955592742804,161.55774727001554,178.95072471148478,135.3630974308224,-0.1288375116106289,-0.0476863384246826,-0.1778303682804107,0
166.89714117387757,179.1536567489066,128.52096735018534,169.2992628807967,179.96819165466326,143.21312356788815,2.4021217069191323,164.08161598477372,179.47901589729182,139.3105010437769,-0.12777183349452798,-0.047756016254425,-0.1750809550285339,0
166.58781244090227,179.92862301345048,128.43905811580748,170.1221868101396,179.95880933492845,146.92605276225788,3.5343743692373266,164.4529421866738,178.04128077694415,141.52858976780269,-0.12525345028286244,-0.046060025691986,-0.1667506396770477,0
149.8413008829289,178.99852755697117,98.02253260993407,143.29139720210907,169.8515106644813,96.95036979622216,6.549903680819824,158.60771924099367,174.5144124427747,142.66853374368088,-0.11693989367861492,-0.0364291667938232,-0.1763795316219329,0
166.23401757652195,179.98501905271758,132.99883761742336,168.9049824870775,179.98259239103277,145.6173754282296,2.67096491055554,161.36575401696402,178.53959271656785,134.14765532937648,-0.1280673840152683,-0.0574712753295898,-0.1722056865692138,0
162.30332758082216,179.8716625941907,122.41963399521204,152.4877164865383,179.12900988658882,107.2418815481158,9.815611094283867,160.5304500994887,175.2367719808944,140.71700942948516,-0.11813585969962567,-0.0468030571937561,-0.1708268225193023,0
162.40702407838893,179.97666638871968,116.84093002124322,156.09167799350453,179.73210479074518,97.89723115954672,6.315346084884396,164.96394551619372,175.52001819909796,146.83559408073475,-0.12824756472925591,-0.0409721732139587,-0.1711269915103912,0
165.73126013957466,179.98895184399058,126.4062956811194,155.73503329929284,179.91814139795272,99.00290253772282,9.996226840281821,166.194244444984,175.24956206691525,147.63933295785145,-0.1312899032705708,-0.0585594177246093,-0.169711947441101,0
165.92143163198438,179.9630077988153,131.89897531030772,156.7187062149516,179.71625820003212,112.41273903037602,9.20272541703278,166.3331898064444,175.3086816890153,148.54999782176162,-0.1306360632600918,-0.066357672214508,-0.1722370088100433,0
167.0390884737685,179.97811548135888,135.26408596729885,160.8319074131927,179.96076111902445,110.6304602955534,6.207181060575778,165.7020094752227,175.87679881961913,146.94065882603786,-0.1341325299042027,-0.0618924498558044,-0.1708436608314514,0
165.23786861652874,179.9364485778389,125.7484544624012,161.79344740953593,179.9928803793581,117.7439976006242,3.444421206992814,164.88647117303046,176.0374983103938,144.0710664547832,-0.13063957971685072,-0.0529661178588867,-0.1745569705963134,0
167.34114717028757,179.90620746452544,130.1307851539253,159.84388593329155,179.97350795642964,107.77797467105955,7.4972612369960245,167.75936558612295,175.90275381827357,150.68870865493253,-0.13865392457080788,-0.0711509585380554,-0.1747997105121612,0
168.20103667787043,179.96174477957993,128.14744751210057,161.2678396513344,179.97250707082085,103.90269674795697,6.933197026536021,168.86188544096484,177.16358844192592,151.27310401830286,-0.14718555153152088,-0.0722114443778991,-0.1762489378452301,0
166.74996595436357,179.9308295770474,129.28235766201408,160.3758027528588,179.9642270356803,104.87865903870316,6.3741632015047855,165.62855587671368,176.49674090434283,146.1973590895968,-0.1342083978943708,-0.0537227392196655,-0.1695815920829773,0
149.06002792764798,179.73165256169554,98.86437839172504,141.54232123045384,170.69160218992022,95.12005174524334,7.517706697194143,158.1438551787657,174.78155031684534,141.85112980708575,-0.11613707165969041,-0.0385816097259521,-0.1750237345695495,0
167.06257107112313,179.96805930952934,137.17966881110618,156.82853301652176,179.8297523810233,109.89529594498109,10.23403805460137,166.56216832310795,176.35409277821952,149.42743407273943,-0.1297105512988399,-0.0662089586257934,-0.1699674427509308,0
124.97804352003232,179.98697051845392,41.32435788470324,137.4593440292396,174.44033630149508,54.15442028193846,12.481300509207273,156.1948118810393,176.24536073002497,136.81412320186624,-0.08474284917116164,0.0253123641014099,-0.1697322130203247,0
126.47050408692249,179.24525815922533,37.92440927347734,137.7315067250401,174.99528305809932,54.18305608417917,11.261002638117617,157.4169338014769,175.8004680598452,140.62604426485188,-0.08861354879430819,0.0330556631088256,-0.1728420853614807,0
125.65302812158436,178.3887355526039,38.976919329681046,139.9672995303366,175.8295829979019,58.422213306351935,14.314271408752234,155.55072435968347,175.991598785919,137.943871456843,-0.08748974889516829,0.0297144055366516,-0.1742124259471893,0
129.21225130193892,178.96943489680083,38.31088655120141,141.55545940650515,175.48810560285156,52.32698345922114,12.34320810456623,152.1172056592727,175.87060819884138,133.9228571794165,-0.09079764676945547,0.0313990712165832,-0.1699761748313903,0
134.34734677848795,179.99709534021554,40.19752655830929,143.51303828930702,174.65688289771077,50.113594772882166,9.165691510819073,157.9730591740449,177.6128539928365,135.59042087162285,-0.10033869142852612,0.032333493232727,-0.1792786717414856,0
128.62715900389725,178.7746840519205,38.31380709302595,138.78651885760982,174.52600474724363,47.01165032787838,10.159359853712573,154.21686625876822,177.3310716747529,130.5596832555925,-0.08898818202135036,0.0359564423561096,-0.1718044579029083,0
121.15670773227068,179.32538040675797,30.20252022350642,132.63325760889958,174.46599242641147,39.90426555768713,11.476549876628908,151.67665089292308,176.93717177620206,130.51159825180142,-0.07774959359548786,0.0457215309143066,-0.1731233298778534,0
132.86785854053062,179.57428910839093,34.97458179157066,141.43234670598147,174.43887256505974,42.29004205954561,8.564488165450854,155.15626556115922,176.71442271384882,134.74007969454703,-0.0955368262111095,0.0424028038978576,-0.1740598678588867,0
148.24026215378848,179.95442356392206,99.67343999906596,140.67322701753187,170.62706691954725,94.19828559690689,7.567035136256607,156.60596322502116,176.81490848366303,138.58113801392415,-0.1112938840922556,-0.0356756448745727,-0.1743906438350677,0
125.32808957710358,177.1371350581254,39.637631030999046,139.85637681765164,174.71285937749016,59.30781297756217,14.528287240548053,155.53405675781806,175.70593588841422,138.40448008942937,-0.08652945131063461,0.0287742018699646,-0.1691133379936218,0
133.33145737540167,179.54307989973714,58.5759669907644,141.6459943794871,172.22332692114813,66.25193258184989,8.314537004085423,148.5391494025157,177.2182006092991,110.51686407847134,-0.08686888154063906,0.0245209336280822,-0.1662681102752685,0
134.58440892635645,179.9976479654809,47.5119771089066,141.46283182130875,173.30199285426713,51.661893065609554,6.878422894952308,150.51517486442563,177.87068545651366,110.81938749996704,-0.09228245450838189,0.038655936717987,-0.1717218458652496,0
137.33332906378263,179.99572062364834,55.862654248976085,144.16114683798065,173.0944430314324,64.15050773737049,6.827817774198024,151.66179571530523,177.11848952754465,90.79851767935872,-0.09479767888311356,0.023708164691925,-0.1689737737178802,0
131.4272071042598,179.98892065802912,63.50886507696104,143.84575499101445,173.42055195507692,86.19289260392371,12.418547886754652,146.50709851337612,176.89682808579394,112.70249062538689,-0.0836300614633058,0.0175864696502685,-0.1714178323745727,0
131.36569998062456,178.24313523096856,53.2762880675037,139.8900787641073,172.91956833983753,56.585578809142056,8.524378783482746,146.4419061046064,176.8588394198526,91.70355481181868,-0.0849001592823437,0.0262729525566101,-0.1640772521495819,0
131.30718316248485,179.97969322633952,59.3115501746401,144.19724467711194,173.50611118463237,72.16189560880638,12.890061514627092,143.13068544584715,178.0431651898296,107.48079558842036,-0.08094753294155513,0.0166651606559753,-0.1633332967758178,0
132.8447846014391,179.82050366031064,58.12413526609113,145.4807903904154,173.7558146538207,70.3763546147713,12.636005788976291,145.75171093648788,177.58168340268782,113.1348874788372,-0.08430613752069142,0.023525595664978,-0.1671461164951324,0
133.80493489729014,179.97470664921966,57.195530115970094,145.22791835175133,173.81682894493196,68.58773396224842,11.422983454461189,144.78504125860792,177.9850014930506,100.78676497660496,-0.08549001476818456,0.0227612257003784,-0.1698211431503296,0
132.01864295737673,179.82624179998413,59.1564186042888,144.4765748005693,173.41861352036668,73.81631767337143,12.457931843192569,142.74761169699184,177.75894418910252,79.39524783176725,-0.08283090640286928,0.0221493244171142,-0.166714608669281,0
149.40329607378933,179.987178228036,96.53793932846574,142.42092684988114,170.16209985849895,96.01918490203892,6.982369223908194,157.89844384376033,173.79769387600248,141.65514259651871,-0.11619432364838028,-0.0343931317329406,-0.1710372865200042,0
133.69128046734733,179.98359658303497,56.27747010262804,145.25188039984653,173.74015678183042,69.83103724803463,11.560599932499201,144.7284422691234,177.810141957861,101.39724509934052,-0.08573770276585914,0.0242276191711425,-0.1693548858165741,0
127.98510222113616,179.19533141493395,64.5263727174381,142.61508283279497,179.9444317270755,86.21973234922389,14.629980611658809,157.51567402338145,174.53182242532895,140.4403180153171,-0.0795825141147502,0.0052611231803894,-0.1631752252578735,0
146.544588827053,179.98361422594155,84.75895723340723,155.400321902316,179.9497697265307,101.92781667648208,8.855733075263004,158.56953260187004,176.80260991735463,129.18450687189778,-0.1043923918930989,-0.0145535469055175,-0.1687283813953399,0
143.91659145862164,179.5716562661196,84.45146872437117,152.98651964532598,179.99807114260616,99.95903910400273,9.069928186704345,158.26632722613073,176.96558854670454,137.74452446253923,-0.09971688950763026,-0.0169378519058227,-0.1689870357513427,0
148.41054571452935,179.84685382730726,87.21778926478625,156.70196414578078,179.97615819394872,103.6738368481012,8.29141843125143,162.8584470124443,178.24508026308953,139.3207272770823,-0.1084147630905618,-0.017423391342163,-0.1706557869911193,0
146.86422344791617,179.99406521064068,81.72286440083096,155.97310567040327,179.99704943375022,97.7925452051751,9.108882222487097,161.1336430948026,178.42110735008615,138.36774589955476,-0.10666968651337196,-0.0114319324493408,-0.1749354600906372,0
145.23089006528124,179.8729568672283,75.98045013156329,154.09805497387754,179.99590100631545,98.49915046487854,8.867164908596294,158.254759930746,178.49808951797516,132.1206211480758,-0.10382733722122345,-0.002226173877716,-0.1745032370090484,0
146.44884519221128,179.87405972520747,76.04441934478213,155.51254363756075,179.99367763130095,101.33429547199184,9.063698445349473,161.99089853970347,178.8771462820383,131.40634865997978,-0.10819223916755528,-0.0019204020500183,-0.174355924129486,0
143.46053727714101,179.97435787932733,75.55039195203979,152.09783856275547,179.91074039203286,93.99449042572378,8.637301285614456,159.33742409514346,179.34992654585614,133.18686694693454,-0.10062044889035847,0.002384066581726,-0.1754317283630371,0
139.10719793430442,179.6301229881535,69.18908593194116,149.24094301393467,179.78805991095902,90.65767083634418,10.133745079630245,159.56463083450643,179.01724500095406,135.64696285812215,-0.095260067676243,0.0071842670440673,-0.1694554090499878,0
143.52854602981427,178.16196438868195,75.58293361736403,128.65437546613765,179.93931327326573,47.380738313430335,14.874170563676614,141.90926033996408,177.88241233543812,89.47897577482063,-0.09697550964355466,-0.0191280245780944,-0.1310329437255859,0
140.31621891801586,179.5062039428156,93.65151736173728,120.56441020857419,179.54648600486567,69.84931702975135,19.751808709441676,140.31995110819204,177.5672623620215,102.6971656383708,-0.10551995759481908,-0.0581309795379638,-0.1399930715560913,0
149.09537954693027,179.70338190508764,90.19996468437236,133.77561745708007,179.68466999074911,65.10964134504125,15.319762089850201,146.68363539461328,179.94116097079055,100.83041307668992,-0.11062388377146674,-0.047561764717102,-0.1406189799308776,0
142.22538306040218,179.8036009422922,95.39761612763222,120.14905367639497,174.964936930729,70.50911829596193,22.07632938400721,141.84375258087755,179.87416753161105,101.70879447933493,-0.10394580552452486,-0.0518522262573242,-0.1384570598602295,0
136.9802341373021,178.52870329876862,78.70539388737573,129.44170206260264,179.87286508978792,53.5865390954819,7.538532074699447,148.29294128787663,179.89395935208893,102.97966230260998,-0.10119986299454693,-0.0321661829948425,-0.1354081630706787,0
120.77165265676041,179.46218479962266,53.05868436024768,121.70018740504739,179.45238057650695,52.41952195364637,0.9285347482869781,147.36709830822556,179.88539079038824,109.61179059843413,-0.0958639190152839,-0.0179365277290344,-0.1343026757240295,0
145.0477691790783,179.87884286593217,88.1698708258782,128.63764391517674,179.9478308012087,65.89452766788006,16.410125263901563,142.27183967998772,179.83096409174073,97.34722353345926,-0.1016597501609636,-0.0401501655578613,-0.1353672742843628,0
144.75285521582643,179.9448370529026,89.98846604347823,131.63211413340304,179.77426193052892,67.28440333072456,13.120741082423393,141.45960115809038,179.8608436613857,99.53165968985564,-0.10061862869340862,-0.0350733995437622,-0.1346408724784851,0
150.06975350334938,179.981617414949,105.4000834449604,133.66270850246184,179.74216146661658,76.46999818954828,16.407045000887535,140.05421786365747,179.93587234244472,106.23533835410748,-0.1057630186634404,-0.0553022623062133,-0.1315793991088867,0
141.94059588040224,179.9384756007737,90.23654666534536,121.72275466594321,179.92476751522872,62.49948083589779,20.21784121445903,145.66550204252755,179.79347948667905,104.5001123252378,-0.09553325504337973,-0.0446207523345947,-0.1281268000602722,0
145.0456071179157,179.93152781812034,96.96990494378691,127.6917285779684,179.97231828869602,70.26092084180907,17.35387853994729,149.2820822207889,179.3356055977932,109.01892410007984,-0.09778847590736718,-0.0454348921775817,-0.1293008923530578,0
145.77984732675665,179.96503991012048,72.33387250356951,132.69533125258016,179.88537069238765,46.11517117751796,13.084516074176491,146.07868310045325,179.98158786806812,90.12593768782924,-0.0984601026231592,-0.0120347738265991,-0.1321733593940735,0
148.09201699002196,179.91682894090923,89.83150561989957,133.5183214292229,179.78048734770783,66.91642661931265,14.573695560799052,145.83033185658843,179.89070035249773,104.18171520424303,-0.09998315572738642,-0.0318322777748107,-0.1329394578933715,0
153.65491126069927,179.81248074988898,110.86790004718328,144.108019943194,179.8194321231848,83.24961088290797,9.54689131750527,148.48522112306887,179.74797378509203,104.15451793746156,-0.10723221959091545,-0.0576101541519165,-0.1306878328323364,0
135.4826226531901,179.7352900170117,67.80749419303628,135.65976111542366,179.85111897133493,59.86380260753587,0.17713846223355745,150.49141872617702,179.97147496790657,107.18851688413616,-0.09886977966152018,-0.0323960781097412,-0.1340076923370361,0
137.79556790202102,179.89447470492422,54.96062784882008,130.24412077582437,179.9661146623708,50.46626495676605,7.551447126196649,150.67588629130944,179.95584058139053,105.14345395315722,-0.1008055568637704,-0.028372049331665,-0.1337299942970276,0
145.97875771576463,179.83153749271526,91.92869673894468,131.96019706013828,179.94623301962412,68.25681839478571,14.018560655626345,150.97814186856283,179.9984248012738,105.72745358619754,-0.10179451131445214,-0.0519624948501586,-0.1271904706954956,0
129.8414414230367,179.95452562343883,64.94409285914159,119.4430746310241,179.7756608386837,47.734666876460864,10.39836679201261,143.11002988344498,179.84227198059574,106.51402807523516,-0.08361010765656826,-0.0096977949142456,-0.1280856132507324,0
133.78673963089315,179.94229838109143,56.17033222101821,120.18736039353372,179.9453216999896,43.81748249515074,13.599379237359429,138.59616641019326,179.58037311811646,97.16352629410426,-0.08644229173660274,-0.0054137110710144,-0.1303088665008545,0
150.95392023458467,179.98269732409156,69.49002465533154,145.17961381279892,179.9444609403421,49.84005809500533,5.774306421785752,153.23215818491212,179.63641258426125,87.7704231468046,-0.10802825792567934,-0.0339802503585815,-0.130968689918518,0
157.18439733010655,179.92828842666125,85.00860851942433,142.00658745444954,179.994383727434,52.20809535454423,15.177809875657005,150.88450118698432,179.9678124871049,82.50053428914171,-0.10560044993956881,-0.0331570506095886,-0.1276397109031677,0
146.57552207536904,179.905045677945,58.35021635096883,128.53939038525183,178.68689681663182,48.21621966435319,18.0361316901172,158.32275684150682,179.91704196021283,132.55017825108615,-0.0966084132591883,-0.0078954696655273,-0.1310991644859314,0
143.69882769183724,179.90117890081382,65.04978296605869,127.33328671953542,179.92133514428335,55.34242858731773,16.365540972301815,155.54936365175743,179.69110531064103,119.6115040896809,-0.09784639663383606,-0.0178732872009277,-0.1310792565345764,0
153.84353875774693,179.90030746105998,100.81448121365344,141.04790259347132,179.90544897782075,77.24369865264931,12.795636164275606,154.667616065989,179.90084446653236,106.18488529432037,-0.11047307269793027,-0.0586686134338378,-0.1339094638824463,0
144.82366215427794,179.14759241328562,64.20038825834942,130.41239977463607,179.81565511101925,44.920018000217866,14.411262379641869,153.09576898903322,179.80962322471606,112.64573749453736,-0.10937378085251392,-0.0167258977890014,-0.1411876082420349,0
139.92106650483507,179.69947392523906,63.94428567800841,124.69461498381516,179.99884725538644,54.30100918091711,15.22645152101991,142.1440862196383,179.9314903469201,102.34354509249214,-0.09769202124687928,-0.0161478519439697,-0.1427545547485351,0
141.12638686643112,179.83396992877297,68.73294581229146,125.51196306218716,179.14548738834125,51.54304983535337,15.614423804243955,142.34824842166998,179.91517720335688,102.94744815912952,-0.10318063745896018,-0.0194202065467834,-0.1432032585144043,0
127.6371722875295,179.4309576904579,70.44610114118392,129.70572233258218,179.96237069079217,61.97686234252932,2.068550045052689,144.71409637132857,179.93138309348188,99.686010427942,-0.10364723956491062,-0.0356853604316711,-0.144016683101654,0
136.46197851195632,179.0301235790228,81.75281654843725,131.94389479029957,179.93972182963395,60.64955564062274,4.518083721656751,146.87463564098474,179.99792835365287,104.24059433046568,-0.10824388317439863,-0.0462903976440429,-0.1433321833610534,0
